/*
 Navicat MySQL Data Transfer

 Source Server         : localhost_3306
 Source Server Type    : MySQL
 Source Server Version : 50641
 Source Host           : localhost:3306
 Source Schema         : db_news_system

 Target Server Type    : MySQL
 Target Server Version : 50641
 File Encoding         : 65001

 Date: 23/04/2020 14:54:21
*/

SET NAMES utf8mb4;
SET FOREIGN_KEY_CHECKS = 0;

-- ----------------------------
-- Table structure for authority
-- ----------------------------
DROP TABLE IF EXISTS `authority`;
CREATE TABLE `authority`  (
  `id` int(11) NOT NULL AUTO_INCREMENT,
  `roleId` int(11) NOT NULL,
  `menuId` int(11) NOT NULL,
  PRIMARY KEY (`id`) USING BTREE,
  INDEX `menuId`(`menuId`) USING BTREE,
  INDEX `authority_ibfk_1`(`roleId`) USING BTREE,
  CONSTRAINT `authority_ibfk_1` FOREIGN KEY (`roleId`) REFERENCES `role` (`id`) ON DELETE RESTRICT ON UPDATE RESTRICT,
  CONSTRAINT `authority_ibfk_2` FOREIGN KEY (`menuId`) REFERENCES `menu` (`id`) ON DELETE RESTRICT ON UPDATE RESTRICT
) ENGINE = InnoDB AUTO_INCREMENT = 291 CHARACTER SET = utf8 COLLATE = utf8_general_ci ROW_FORMAT = Compact;

-- ----------------------------
-- Records of authority
-- ----------------------------
INSERT INTO `authority` VALUES (195, 6, 26);
INSERT INTO `authority` VALUES (196, 6, 41);
INSERT INTO `authority` VALUES (197, 6, 42);
INSERT INTO `authority` VALUES (198, 6, 1);
INSERT INTO `authority` VALUES (199, 6, 17);
INSERT INTO `authority` VALUES (200, 6, 14);
INSERT INTO `authority` VALUES (257, 1, 1);
INSERT INTO `authority` VALUES (258, 1, 17);
INSERT INTO `authority` VALUES (259, 1, 25);
INSERT INTO `authority` VALUES (260, 1, 26);
INSERT INTO `authority` VALUES (261, 1, 27);
INSERT INTO `authority` VALUES (262, 1, 14);
INSERT INTO `authority` VALUES (263, 1, 15);
INSERT INTO `authority` VALUES (264, 1, 18);
INSERT INTO `authority` VALUES (265, 1, 19);
INSERT INTO `authority` VALUES (266, 1, 20);
INSERT INTO `authority` VALUES (267, 1, 21);
INSERT INTO `authority` VALUES (268, 1, 16);
INSERT INTO `authority` VALUES (269, 1, 22);
INSERT INTO `authority` VALUES (270, 1, 23);
INSERT INTO `authority` VALUES (271, 1, 24);
INSERT INTO `authority` VALUES (272, 1, 41);
INSERT INTO `authority` VALUES (273, 1, 42);
INSERT INTO `authority` VALUES (274, 1, 37);
INSERT INTO `authority` VALUES (275, 1, 38);
INSERT INTO `authority` VALUES (276, 1, 39);
INSERT INTO `authority` VALUES (277, 1, 40);
INSERT INTO `authority` VALUES (278, 1, 43);
INSERT INTO `authority` VALUES (279, 1, 44);
INSERT INTO `authority` VALUES (280, 1, 45);
INSERT INTO `authority` VALUES (281, 1, 46);
INSERT INTO `authority` VALUES (282, 1, 47);
INSERT INTO `authority` VALUES (283, 1, 48);
INSERT INTO `authority` VALUES (284, 1, 49);
INSERT INTO `authority` VALUES (285, 1, 50);
INSERT INTO `authority` VALUES (286, 1, 51);
INSERT INTO `authority` VALUES (287, 1, 52);
INSERT INTO `authority` VALUES (288, 1, 53);
INSERT INTO `authority` VALUES (289, 1, 54);
INSERT INTO `authority` VALUES (290, 1, 55);

-- ----------------------------
-- Table structure for c3p0testtable
-- ----------------------------
DROP TABLE IF EXISTS `c3p0testtable`;
CREATE TABLE `c3p0testtable`  (
  `a` char(1) CHARACTER SET utf8 COLLATE utf8_general_ci NULL DEFAULT NULL
) ENGINE = InnoDB CHARACTER SET = utf8 COLLATE = utf8_general_ci ROW_FORMAT = Compact;

-- ----------------------------
-- Table structure for comment
-- ----------------------------
DROP TABLE IF EXISTS `comment`;
CREATE TABLE `comment`  (
  `id` int(11) NOT NULL AUTO_INCREMENT,
  `newsId` int(11) NOT NULL,
  `nickname` varchar(32) CHARACTER SET utf8 COLLATE utf8_general_ci NOT NULL,
  `content` varchar(512) CHARACTER SET utf8 COLLATE utf8_general_ci NOT NULL,
  `createTime` datetime(0) NOT NULL,
  PRIMARY KEY (`id`) USING BTREE,
  INDEX `newsId`(`newsId`) USING BTREE,
  CONSTRAINT `comment_ibfk_1` FOREIGN KEY (`newsId`) REFERENCES `news` (`id`) ON DELETE RESTRICT ON UPDATE RESTRICT
) ENGINE = InnoDB AUTO_INCREMENT = 16 CHARACTER SET = utf8 COLLATE = utf8_general_ci ROW_FORMAT = Compact;

-- ----------------------------
-- Records of comment
-- ----------------------------
INSERT INTO `comment` VALUES (1, 1, '灿若星辰', '目前国内疫情已基本得到控制', '2020-04-06 10:38:46');
INSERT INTO `comment` VALUES (6, 7, '灿烂', '大赢家其实还是不错的', '2020-04-06 12:27:30');
INSERT INTO `comment` VALUES (9, 1, '哈哈', '希望密切关注新增病例的情况', '2020-04-06 16:10:14');
INSERT INTO `comment` VALUES (11, 1, '哈哈', '中国加油', '2020-04-06 16:47:30');
INSERT INTO `comment` VALUES (12, 19, '哈哈哈', '奇异博士2应该挺好看！', '2020-04-19 10:01:31');
INSERT INTO `comment` VALUES (13, 19, '哈哈哈', '你还好吗', '2020-04-19 13:05:37');
INSERT INTO `comment` VALUES (14, 19, '灿若星辰', 'spider man', '2020-04-20 13:07:46');
INSERT INTO `comment` VALUES (15, 7, '还好', '大鹏挺棒的', '2020-04-20 23:51:38');

-- ----------------------------
-- Table structure for log
-- ----------------------------
DROP TABLE IF EXISTS `log`;
CREATE TABLE `log`  (
  `id` int(11) NOT NULL AUTO_INCREMENT,
  `content` varchar(255) CHARACTER SET utf8 COLLATE utf8_general_ci NOT NULL,
  `createTime` datetime(0) NULL DEFAULT NULL,
  PRIMARY KEY (`id`) USING BTREE
) ENGINE = InnoDB AUTO_INCREMENT = 109 CHARACTER SET = utf8 COLLATE = utf8_general_ci ROW_FORMAT = Compact;

-- ----------------------------
-- Records of log
-- ----------------------------
INSERT INTO `log` VALUES (6, '用户名为admin的用户登录时输入验证码错误！', '2020-03-25 16:38:13');
INSERT INTO `log` VALUES (7, '用户名为{admin}，角色为{超级管理员}的用户登录成功！', '2020-03-25 16:38:22');
INSERT INTO `log` VALUES (8, '用户名为{admin}，角色为{超级管理员}的用户登录成功！', '2020-03-25 16:45:48');
INSERT INTO `log` VALUES (9, '用户名为{admin}，角色为{超级管理员}的用户登录成功！', '2020-03-25 20:00:10');
INSERT INTO `log` VALUES (10, '用户名为{admin}，角色为{超级管理员}的用户登录成功！', '2020-03-25 20:23:11');
INSERT INTO `log` VALUES (11, '用户名为{admin}，角色为{超级管理员}的用户登录成功！', '2020-03-25 20:33:34');
INSERT INTO `log` VALUES (12, '用户名为{admin}，角色为{超级管理员}的用户登录成功！', '2020-03-25 22:02:27');
INSERT INTO `log` VALUES (13, '用户名为{admin}的用户成功修改密码！', '2020-03-25 22:02:54');
INSERT INTO `log` VALUES (14, '用户名为{admin}的用户成功修改密码！', '2020-03-25 22:03:29');
INSERT INTO `log` VALUES (15, '用户名为{admin}，角色为{超级管理员}的用户登录成功！', '2020-03-26 21:54:21');
INSERT INTO `log` VALUES (16, '用户名为{admin}，角色为{超级管理员}的用户登录成功！', '2020-03-26 22:16:04');
INSERT INTO `log` VALUES (17, '用户名为{admin}，角色为{超级管理员}的用户登录成功！', '2020-03-27 14:08:52');
INSERT INTO `log` VALUES (18, '用户名为{admin}，角色为{超级管理员}的用户登录成功！', '2020-03-28 00:45:46');
INSERT INTO `log` VALUES (19, '用户名为{admin}，角色为{超级管理员}的用户登录成功！', '2020-03-28 18:21:56');
INSERT INTO `log` VALUES (20, '用户名为{admin}，角色为{超级管理员}的用户登录成功！', '2020-03-28 18:30:42');
INSERT INTO `log` VALUES (21, '用户名为{admin}，角色为{超级管理员}的用户登录成功！', '2020-03-28 20:19:05');
INSERT INTO `log` VALUES (22, '用户名为admin的用户登录时输入验证码错误！', '2020-03-28 23:28:59');
INSERT INTO `log` VALUES (23, '用户名为{admin}，角色为{超级管理员}的用户登录成功！', '2020-03-28 23:29:05');
INSERT INTO `log` VALUES (24, '用户名为{admin}，角色为{超级管理员}的用户登录成功！', '2020-03-28 23:58:05');
INSERT INTO `log` VALUES (30, '用户名为{admin}，角色为{超级管理员}的用户登录成功！', '2020-03-29 14:22:00');
INSERT INTO `log` VALUES (31, '用户名为{admin}，角色为{超级管理员}的用户登录成功！', '2020-03-29 14:30:50');
INSERT INTO `log` VALUES (32, '用户名为{admin}，角色为{超级管理员}的用户登录成功！', '2020-03-29 16:29:49');
INSERT INTO `log` VALUES (33, '用户名为{admin}，角色为{超级管理员}的用户登录成功！', '2020-03-29 20:05:57');
INSERT INTO `log` VALUES (34, '用户名为{admin}，角色为{超级管理员}的用户登录成功！', '2020-03-29 21:15:18');
INSERT INTO `log` VALUES (35, '用户名为{haohu}，角色为{超级管理员}的用户登录成功！', '2020-03-29 23:57:15');
INSERT INTO `log` VALUES (41, '用户名为admin的用户登录时输入验证码错误！', '2020-03-30 00:33:50');
INSERT INTO `log` VALUES (49, '用户名为admin的用户登录时输入验证码错误！', '2020-03-30 21:51:39');
INSERT INTO `log` VALUES (50, '用户名为{admin}，角色为{超级管理员}的用户登录成功！', '2020-03-30 21:51:47');
INSERT INTO `log` VALUES (57, '用户名为admin的用户登录时输入验证码错误！', '2020-03-31 22:17:15');
INSERT INTO `log` VALUES (64, '用户名为{haohu}，角色为{超级管理员}的用户登录成功！', '2020-04-01 22:22:36');
INSERT INTO `log` VALUES (65, '用户名为{haohu}，角色为{超级管理员}的用户登录成功！', '2020-04-01 22:36:07');
INSERT INTO `log` VALUES (66, '用户名为{admin}，角色为{超级管理员}的用户登录成功！', '2020-04-02 23:15:49');
INSERT INTO `log` VALUES (67, '用户名为{admin}，角色为{超级管理员}的用户登录成功！', '2020-04-02 23:57:27');
INSERT INTO `log` VALUES (74, '用户名为{admin}，角色为{超级管理员}的用户登录成功！', '2020-04-03 16:59:20');
INSERT INTO `log` VALUES (89, '用户名为{haohu}，角色为{超级管理员}的用户登录成功！', '2020-04-03 20:16:23');
INSERT INTO `log` VALUES (90, '用户名为{haohu}，角色为{超级管理员}的用户登录成功！', '2020-04-05 15:44:47');
INSERT INTO `log` VALUES (91, '用户名为{haohu}，角色为{超级管理员}的用户登录成功！', '2020-04-05 15:55:37');
INSERT INTO `log` VALUES (92, '用户名为{haohu}，角色为{超级管理员}的用户登录成功！', '2020-04-06 10:04:21');
INSERT INTO `log` VALUES (93, '用户名为{haohu}，角色为{超级管理员}的用户登录成功！', '2020-04-06 10:38:10');
INSERT INTO `log` VALUES (102, '用户名为{haohu}，角色为{超级管理员}的用户登录成功！', '2020-04-06 16:28:33');
INSERT INTO `log` VALUES (103, '用户名为{haohu}，角色为{超级管理员}的用户登录成功！', '2020-04-06 16:47:01');
INSERT INTO `log` VALUES (104, '用户名为{haohu}，角色为{超级管理员}的用户登录成功！', '2020-04-06 20:02:12');
INSERT INTO `log` VALUES (105, '用户名为{haohu}，角色为{超级管理员}的用户登录成功！', '2020-04-08 23:18:20');
INSERT INTO `log` VALUES (106, '用户名为{haohu}，角色为{超级管理员}的用户登录成功！', '2020-04-15 22:40:01');
INSERT INTO `log` VALUES (107, '用户名为{haohu}，角色为{超级管理员}的用户登录成功！', '2020-04-16 21:53:47');
INSERT INTO `log` VALUES (108, '用户名为{admin}，角色为{超级管理员}的用户登录成功！', '2020-04-21 21:15:50');

-- ----------------------------
-- Table structure for menu
-- ----------------------------
DROP TABLE IF EXISTS `menu`;
CREATE TABLE `menu`  (
  `id` int(11) NOT NULL AUTO_INCREMENT,
  `parentId` int(11) NOT NULL DEFAULT -1,
  `name` varchar(32) CHARACTER SET utf8 COLLATE utf8_general_ci NOT NULL,
  `url` varchar(128) CHARACTER SET utf8 COLLATE utf8_general_ci NULL DEFAULT NULL,
  `icon` varchar(32) CHARACTER SET utf8 COLLATE utf8_general_ci NOT NULL,
  PRIMARY KEY (`id`) USING BTREE
) ENGINE = InnoDB AUTO_INCREMENT = 56 CHARACTER SET = utf8 COLLATE = utf8_general_ci ROW_FORMAT = Compact;

-- ----------------------------
-- Records of menu
-- ----------------------------
INSERT INTO `menu` VALUES (1, 0, '用户管理', '', 'icon-group-gear');
INSERT INTO `menu` VALUES (14, 0, '系统设置', '', 'icon-advancedsettings');
INSERT INTO `menu` VALUES (15, 14, '菜单管理', '../admin/menu/list', 'icon-chart-organisation');
INSERT INTO `menu` VALUES (16, 14, '角色管理', '../admin/role/list', 'icon-group-key');
INSERT INTO `menu` VALUES (17, 1, '用户列表', '../admin/user/list', 'icon-group');
INSERT INTO `menu` VALUES (18, 15, '添加', 'openAdd()', 'icon-add');
INSERT INTO `menu` VALUES (19, 15, '编辑', 'openEdit()', 'icon-bullet-edit');
INSERT INTO `menu` VALUES (20, 15, '删除', 'remove()', 'icon-cross');
INSERT INTO `menu` VALUES (21, 15, '添加按钮', 'openAddMenu()', 'icon-add');
INSERT INTO `menu` VALUES (22, 16, '添加', 'openAdd()', 'icon-add');
INSERT INTO `menu` VALUES (23, 16, '编辑', 'openEdit()', 'icon-bullet-edit');
INSERT INTO `menu` VALUES (24, 16, '删除', 'remove()', 'icon-cross');
INSERT INTO `menu` VALUES (25, 17, '添加', 'openAdd()', 'icon-add');
INSERT INTO `menu` VALUES (26, 17, '编辑', 'openEdit()', 'icon-bullet-edit');
INSERT INTO `menu` VALUES (27, 17, '删除', 'remove()', 'icon-cross');
INSERT INTO `menu` VALUES (37, 0, '系统日志', '', 'icon-table-cell');
INSERT INTO `menu` VALUES (38, 37, '日志列表', '../admin/log/list', 'icon-page-white-text');
INSERT INTO `menu` VALUES (39, 38, '添加日志', 'openAdd()', 'icon-add1');
INSERT INTO `menu` VALUES (40, 38, '删除日志', 'remove()', 'icon-delete');
INSERT INTO `menu` VALUES (41, 14, '修改密码', 'edit_password', 'icon-lock-edit');
INSERT INTO `menu` VALUES (42, 41, '修改密码', 'openAdd()', 'icon-lock-edit');
INSERT INTO `menu` VALUES (43, 0, '新闻管理', '', 'icon-feed');
INSERT INTO `menu` VALUES (44, 43, '分类管理', '../admin/news_category/list', 'icon-feed-star');
INSERT INTO `menu` VALUES (45, 44, '添加', 'openAdd()', 'icon-add');
INSERT INTO `menu` VALUES (46, 44, '编辑', 'openEdit()', 'icon-bullet-edit');
INSERT INTO `menu` VALUES (47, 44, '删除', 'remove()', 'icon-cross');
INSERT INTO `menu` VALUES (48, 43, '新闻管理', '../admin/news/list', 'icon-feed-edit');
INSERT INTO `menu` VALUES (49, 48, '添加', 'openAdd()', 'icon-add');
INSERT INTO `menu` VALUES (50, 48, '编辑', 'openEdit()', 'icon-bullet-edit');
INSERT INTO `menu` VALUES (51, 48, '删除', 'remove()', 'icon-cross');
INSERT INTO `menu` VALUES (52, 43, '评论管理', '../admin/comment/list', 'icon-comment');
INSERT INTO `menu` VALUES (53, 52, '添加', 'openAdd()', 'icon-add');
INSERT INTO `menu` VALUES (54, 52, '编辑', 'openEdit()', 'icon-bullet-edit');
INSERT INTO `menu` VALUES (55, 52, '删除', 'remove()', 'icon-delete3');

-- ----------------------------
-- Table structure for news
-- ----------------------------
DROP TABLE IF EXISTS `news`;
CREATE TABLE `news`  (
  `id` int(11) NOT NULL AUTO_INCREMENT,
  `categoryId` int(11) NOT NULL,
  `title` varchar(128) CHARACTER SET utf8 COLLATE utf8_general_ci NOT NULL,
  `abstrs` varchar(512) CHARACTER SET utf8 COLLATE utf8_general_ci NOT NULL,
  `tags` varchar(128) CHARACTER SET utf8 COLLATE utf8_general_ci NOT NULL,
  `photo` varchar(64) CHARACTER SET utf8 COLLATE utf8_general_ci NOT NULL,
  `author` varchar(32) CHARACTER SET utf8 COLLATE utf8_general_ci NOT NULL,
  `content` longtext CHARACTER SET utf8 COLLATE utf8_general_ci NOT NULL,
  `viewNumber` int(8) NOT NULL DEFAULT 0,
  `commentNumber` int(8) NOT NULL DEFAULT 0,
  `createTime` datetime(0) NOT NULL,
  PRIMARY KEY (`id`) USING BTREE,
  INDEX `categoryId`(`categoryId`) USING BTREE,
  CONSTRAINT `news_ibfk_1` FOREIGN KEY (`categoryId`) REFERENCES `news_category` (`id`) ON DELETE RESTRICT ON UPDATE RESTRICT
) ENGINE = InnoDB AUTO_INCREMENT = 20 CHARACTER SET = utf8 COLLATE = utf8_general_ci ROW_FORMAT = Compact;

-- ----------------------------
-- Records of news
-- ----------------------------
INSERT INTO `news` VALUES (1, 1, '广东新增5例本土病例！详情披露', '广州报告3例，揭阳报告2例境外输入关联病例。', '新冠肺炎,广东,病例', '/resources/upload/1586144303492.png', '山东商报', '<p style=\"margin-top: 26px; margin-bottom: 0px; padding: 0px; line-height: 24px; color: rgb(51, 51, 51); text-align: justify; font-family: arial; white-space: normal; background-color: rgb(255, 255, 255);\"><span class=\"bjh-p\" style=\"display: block;\">据广东卫健委今早披露：<span class=\"bjh-br\"></span></span></p><p style=\"margin-top: 22px; margin-bottom: 0px; padding: 0px; line-height: 24px; color: rgb(51, 51, 51); text-align: justify; font-family: arial; white-space: normal; background-color: rgb(255, 255, 255);\">4月4日0-24时，<span class=\"bjh-strong\" style=\"font-size: 18px; font-weight: 700;\">全省新增境外输入确诊病例3例，分别为广州报告2例（美国、加拿大输入各1例）、深圳报告1例（美国输入）。</span>全省累计报告境外输入病例165例。</p><p style=\"margin-top: 22px; margin-bottom: 0px; padding: 0px; line-height: 24px; color: rgb(51, 51, 51); text-align: justify; font-family: arial; white-space: normal; background-color: rgb(255, 255, 255);\"><span class=\"bjh-strong\" style=\"font-size: 18px; font-weight: 700;\">广州报告3例，揭阳报告2例境外输入关联病例。</span></p><p style=\"margin-top: 22px; margin-bottom: 0px; padding: 0px; line-height: 24px; color: rgb(51, 51, 51); text-align: justify; font-family: arial; white-space: normal; background-color: rgb(255, 255, 255);\">截至4月4日24时，全省累计报告新冠肺炎确诊病例1524例，累计出院1387例，累计死亡8例。</p><p style=\"margin-top: 22px; margin-bottom: 0px; padding: 0px; line-height: 24px; color: rgb(51, 51, 51); text-align: justify; font-family: arial; white-space: normal; background-color: rgb(255, 255, 255);\">4月4日新增出院9例。在院的129例（其中境外输入病例116例）中，轻型30例，普通型93例，重型5例，危重型1例。</p><p style=\"margin-top: 22px; margin-bottom: 0px; padding: 0px; line-height: 24px; color: rgb(51, 51, 51); text-align: justify; font-family: arial; white-space: normal; background-color: rgb(255, 255, 255);\"><span class=\"bjh-strong\" style=\"font-size: 18px; font-weight: 700;\">新增无症状感染者2例，为深圳、中山各报告1例（湖北输入）。</span></p><p style=\"margin-top: 22px; margin-bottom: 0px; padding: 0px; line-height: 24px; color: rgb(51, 51, 51); text-align: justify; font-family: arial; white-space: normal; background-color: rgb(255, 255, 255);\">新增病例具体情况由相关市卫生健康委（局）进行通报。</p><p><img class=\"large\" src=\"/resources/upload/image/20200406/1586144337390029893.png\"/></p><p style=\"margin-top: 26px; margin-bottom: 0px; padding: 0px; line-height: 24px; color: rgb(51, 51, 51); text-align: justify; font-family: arial; white-space: normal; background-color: rgb(255, 255, 255);\"><span class=\"bjh-p\" style=\"display: block;\"><span class=\"bjh-strong\" style=\"font-size: 18px; font-weight: 700;\">揭阳新增2例境外输入关联病例</span></span></p><p style=\"margin-top: 22px; margin-bottom: 0px; padding: 0px; line-height: 24px; color: rgb(51, 51, 51); text-align: justify; font-family: arial; white-space: normal; background-color: rgb(255, 255, 255);\"><span class=\"bjh-p\" style=\"display: block;\"><span class=\"bjh-strong\" style=\"font-size: 18px; font-weight: 700;\">详情披露</span></span></p><p style=\"margin-top: 22px; margin-bottom: 0px; padding: 0px; line-height: 24px; color: rgb(51, 51, 51); text-align: justify; font-family: arial; white-space: normal; background-color: rgb(255, 255, 255);\"><span class=\"bjh-p\" style=\"display: block;\">据微信公众号“健康揭阳”今早披露：<span class=\"bjh-br\"></span></span></p><p style=\"margin-top: 22px; margin-bottom: 0px; padding: 0px; line-height: 24px; color: rgb(51, 51, 51); text-align: justify; font-family: arial; white-space: normal; background-color: rgb(255, 255, 255);\">4月4日，揭阳市新增2例输入关联新冠肺炎确诊病例。</p><p style=\"margin-top: 22px; margin-bottom: 0px; padding: 0px; line-height: 24px; color: rgb(51, 51, 51); text-align: justify; font-family: arial; white-space: normal; background-color: rgb(255, 255, 255);\"><span class=\"bjh-strong\" style=\"font-size: 18px; font-weight: 700;\">病例1：庄某，女，8岁，学生，为广州市新冠肺炎境外输入关联病例庄某（4月2日确诊）的女儿，常住广州市矿泉街瑶台向阳大街，其母经营的美妙美食店顾客多为外籍入境人员。</span></p><p style=\"margin-top: 22px; margin-bottom: 0px; padding: 0px; line-height: 24px; color: rgb(51, 51, 51); text-align: justify; font-family: arial; white-space: normal; background-color: rgb(255, 255, 255);\">3月20日至25日住在其母亲经营的美食店，26日在广州由其母亲交朋友詹某托养，白天在广州市矿泉街詹某经营的照相馆上网学习，晚上回到家中睡觉。30日乘坐詹某自驾汽车从广州返回惠来县溪西镇西尉村，4月1日14时曾到惠来县隆江镇福万家超市购物，2日晚，被送至惠来县集中隔离场所隔离观察，4日转揭阳市人民医院隔离治疗，市疾控中心核酸检测阳性，为我市首例境外输入关联新冠肺炎确诊病例。</p><p style=\"margin-top: 22px; margin-bottom: 0px; padding: 0px; line-height: 24px; color: rgb(51, 51, 51); text-align: justify; font-family: arial; white-space: normal; background-color: rgb(255, 255, 255);\"><span class=\"bjh-strong\" style=\"font-size: 18px; font-weight: 700;\">病例2：詹某，男，3岁，现居住在惠来县溪西镇西尉村。</span></p><p style=\"margin-top: 22px; margin-bottom: 0px; padding: 0px; line-height: 24px; color: rgb(51, 51, 51); text-align: justify; font-family: arial; white-space: normal; background-color: rgb(255, 255, 255);\">3月31日后，每天均与病例1共同生活，4月3日，在惠来县集中隔离场所隔离观察，4日在揭阳市人民医院隔离治疗，市疾控中心核酸检测阳性，为我市输入关联新冠肺炎确诊病例。</p><p style=\"margin-top: 22px; margin-bottom: 0px; padding: 0px; line-height: 24px; color: rgb(51, 51, 51); text-align: justify; font-family: arial; white-space: normal; background-color: rgb(255, 255, 255);\">以上2名病例共追踪到12名密切接触者，均在集中隔离场所隔离观察，新冠病毒核酸检测阴性。病例的居留场所已进行终未消毒。</p><p style=\"margin-top: 22px; margin-bottom: 0px; padding: 0px; line-height: 24px; color: rgb(51, 51, 51); text-align: justify; font-family: arial; white-space: normal; background-color: rgb(255, 255, 255);\">截至4月4日24时，全市累计报告新冠肺炎确诊病例11例，累计出院8例，现有3例病例在揭阳市人民医院隔离治疗，病情稳定。</p><p style=\"margin-top: 22px; margin-bottom: 0px; padding: 0px; line-height: 24px; color: rgb(51, 51, 51); text-align: justify; font-family: arial; white-space: normal; background-color: rgb(255, 255, 255);\">目前累计追踪到密切接触者172人，累计解除医学观察154人，现有18人正在接受医学观察。</p><p style=\"margin-top: 22px; margin-bottom: 0px; padding: 0px; line-height: 24px; color: rgb(51, 51, 51); text-align: justify; font-family: arial; white-space: normal; background-color: rgb(255, 255, 255);\"><span class=\"bjh-strong\" style=\"font-size: 18px; font-weight: 700;\">美国+1</span></p><p style=\"margin-top: 22px; margin-bottom: 0px; padding: 0px; line-height: 24px; color: rgb(51, 51, 51); text-align: justify; font-family: arial; white-space: normal; background-color: rgb(255, 255, 255);\"><span class=\"bjh-strong\" style=\"font-size: 18px; font-weight: 700;\">深圳新增1例境外输入</span></p><p style=\"margin-top: 22px; margin-bottom: 0px; padding: 0px; line-height: 24px; color: rgb(51, 51, 51); text-align: justify; font-family: arial; white-space: normal; background-color: rgb(255, 255, 255);\">截至4月4日24时，深圳累计报告新冠肺炎病例454例。4月4日当天新增1例境外输入病例。</p><p style=\"margin-top: 22px; margin-bottom: 0px; padding: 0px; line-height: 24px; color: rgb(51, 51, 51); text-align: justify; font-family: arial; white-space: normal; background-color: rgb(255, 255, 255);\"><span class=\"bjh-p\" style=\"display: block;\"><span class=\"bjh-strong\" style=\"font-size: 18px; font-weight: 700;\">病例36</span></span></p><p style=\"margin-top: 22px; margin-bottom: 0px; padding: 0px; line-height: 24px; color: rgb(51, 51, 51); text-align: justify; font-family: arial; white-space: normal; background-color: rgb(255, 255, 255);\"><span class=\"bjh-p\" style=\"display: block;\">男，22岁，中国籍，从美国留学回国。</span></p><p style=\"margin-top: 22px; margin-bottom: 0px; padding: 0px; line-height: 24px; color: rgb(51, 51, 51); text-align: justify; font-family: arial; white-space: normal; background-color: rgb(255, 255, 255);\"><span class=\"bjh-p\" style=\"display: block;\">3月27日从美国旧金山乘CZ658航班飞往中国广州，29日，经广州白云机场入境，入境体温36.7℃，因申报有美国旅居史，海关进行新冠肺炎病毒核酸检测，初筛阴性，随后专车送往深圳隔离。</span></p><p style=\"margin-top: 22px; margin-bottom: 0px; padding: 0px; line-height: 24px; color: rgb(51, 51, 51); text-align: justify; font-family: arial; white-space: normal; background-color: rgb(255, 255, 255);\"><span class=\"bjh-p\" style=\"display: block;\">4月2日患者出现发热，最高体温37.7℃，伴有咽干、咽痛、轻微咳嗽、乏力，随后由120救护车送医。3日，患者新冠肺炎病毒核酸检测阳性，当天深圳市疾控中心复核为阳性。4日，经专家会诊，确诊为新冠肺炎。</span></p><p style=\"margin-top: 22px; margin-bottom: 0px; padding: 0px; line-height: 24px; color: rgb(51, 51, 51); text-align: justify; font-family: arial; white-space: normal; background-color: rgb(255, 255, 255);\"><span class=\"bjh-p\" style=\"display: block;\">患者已转到深圳市第三人民医院隔离治疗。初步判定，中国内地无密接者。</span></p><p style=\"margin-top: 22px; margin-bottom: 0px; padding: 0px; line-height: 24px; color: rgb(51, 51, 51); text-align: justify; font-family: arial; white-space: normal; background-color: rgb(255, 255, 255);\">「境外输入」：当日新增1例，累计报告境外输入病例36例。</p><p style=\"margin-top: 22px; margin-bottom: 0px; padding: 0px; line-height: 24px; color: rgb(51, 51, 51); text-align: justify; font-family: arial; white-space: normal; background-color: rgb(255, 255, 255);\">「境内病例」：当日无新增病例，累计报告境内病例418例。</p><p style=\"margin-top: 22px; margin-bottom: 0px; padding: 0px; line-height: 24px; color: rgb(51, 51, 51); text-align: justify; font-family: arial; white-space: normal; background-color: rgb(255, 255, 255);\">「无症状感染者」：当日新增1例，全市尚在医学观察的无症状感染者21例，其中境外输入11例。</p><p style=\"margin-top: 22px; margin-bottom: 0px; padding: 0px; line-height: 24px; color: rgb(51, 51, 51); text-align: justify; font-family: arial; white-space: normal; background-color: rgb(255, 255, 255);\">累计报告确诊病例中，男性223例、女性231例。</p><p style=\"margin-top: 22px; margin-bottom: 0px; padding: 0px; line-height: 24px; color: rgb(51, 51, 51); text-align: justify; font-family: arial; white-space: normal; background-color: rgb(255, 255, 255);\">目前，死亡3例，累计出院419例。32例确诊病例均在深圳市第三人民医院隔离治疗。</p><p style=\"margin-top: 22px; margin-bottom: 0px; padding: 0px; line-height: 24px; color: rgb(51, 51, 51); text-align: justify; font-family: arial; white-space: normal; background-color: rgb(255, 255, 255);\">445名密切接触者正在接受医学观察。</p>', 0, 3, '2020-04-01 22:44:08');
INSERT INTO `news` VALUES (3, 4, '近20亿个口罩！2万台呼吸机！中国生产的防疫物资陆续运抵多国！', '近日，中国生产的呼吸机和防疫物资已经陆续运抵多个国家。', '口罩,呼吸机,中国', '/resources/upload/1586144556729.jpeg', '央视财经', '<p style=\"margin-top: 0px; margin-bottom: 0px; padding: 0px; line-height: 24px; color: rgb(51, 51, 51); text-align: justify; font-family: arial; white-space: normal; background-color: rgb(255, 255, 255);\"><span class=\"bjh-p\" style=\"display: block;\">呼吸机是救治新冠肺炎患者最关键的医疗设备之一，疫情发生以来，主要生产企业在第一时间恢复了生产。目前我国与多个国家签署的呼吸机订单已经超过2万台。</span></p><p style=\"margin-top: 22px; margin-bottom: 0px; padding: 0px; line-height: 24px; color: rgb(51, 51, 51); text-align: justify; font-family: arial; white-space: normal; background-color: rgb(255, 255, 255);\"><span class=\"bjh-p\" style=\"display: block;\">近日，中国生产的呼吸机和防疫物资已经陆续运抵多个国家。</span></p><p style=\"margin-top: 22px; margin-bottom: 0px; padding: 0px; line-height: 24px; color: rgb(51, 51, 51); text-align: justify; font-family: arial; white-space: normal; background-color: rgb(255, 255, 255);\"><span class=\"bjh-p\" style=\"display: block;\"><span class=\"bjh-strong\" style=\"font-size: 18px; font-weight: 700;\">300台呼吸机从中国运抵英国</span></span></p><p><img class=\"large\" src=\"/resources/upload/image/20200406/1586144576201038223.jpg\"/></p><p style=\"margin-top: 26px; margin-bottom: 0px; padding: 0px; line-height: 24px; color: rgb(51, 51, 51); text-align: justify; font-family: arial; white-space: normal; background-color: rgb(255, 255, 255);\"><span class=\"bjh-p\" style=\"display: block;\">当地时间4日，来自中国的300台呼吸机运抵英国。英国内阁办公厅大臣迈克尔·戈夫在发布会上称，英国政府正从多国购买呼吸机，这其中也包括中国，戈夫感谢中国政府在这方面给予的支持。目前英国共有8000台呼吸机，暂时能够满足防疫需要，未来预计需要3万台以上。</span></p><p><img class=\"large\" src=\"/resources/upload/image/20200406/1586144576259089113.jpg\"/></p><p style=\"margin-top: 26px; margin-bottom: 0px; padding: 0px; line-height: 24px; color: rgb(51, 51, 51); text-align: justify; font-family: arial; white-space: normal; background-color: rgb(255, 255, 255);\"><span class=\"bjh-p\" style=\"display: block;\"><span class=\"bjh-strong\" style=\"font-size: 18px; font-weight: 700;\">英国内阁办公厅大臣 迈克尔·戈夫：</span>4日，300台呼吸机从中国运抵英国，感谢中国政府保障这一数量。</span></p><p style=\"margin-top: 22px; margin-bottom: 0px; padding: 0px; line-height: 24px; color: rgb(51, 51, 51); text-align: justify; font-family: arial; white-space: normal; background-color: rgb(255, 255, 255);\"><span class=\"bjh-p\" style=\"display: block;\">英国卫生部还推出一个新冠病毒信息登记网页，呼吁有症状者，不管程度轻重，尽快在网页上填写相关信息，以便卫生部门更好地协调资源。</span></p><p style=\"margin-top: 22px; margin-bottom: 0px; padding: 0px; line-height: 24px; color: rgb(51, 51, 51); text-align: justify; font-family: arial; white-space: normal; background-color: rgb(255, 255, 255);\"><span class=\"bjh-p\" style=\"display: block;\"><span class=\"bjh-strong\" style=\"font-size: 18px; font-weight: 700;\">法国已从中国订购近20亿个口罩</span></span></p><p><img class=\"large\" src=\"/resources/upload/image/20200406/1586144576336048131.jpg\"/></p><p style=\"margin-top: 26px; margin-bottom: 0px; padding: 0px; line-height: 24px; color: rgb(51, 51, 51); text-align: justify; font-family: arial; white-space: normal; background-color: rgb(255, 255, 255);\"><span class=\"bjh-p\" style=\"display: block;\">法国媒体日前表示，法国的新增病例数、新增死亡人数和入院人数均出现小幅回落，这是一个积极的信号。截至4日，法国共转运重症病人566人。另据法国媒体报道，法国卫生部长维兰在接受采访时表示，法国已经从中国订购了近20亿个口罩，目前还在继续增加订单。</span></p><p style=\"margin-top: 22px; margin-bottom: 0px; padding: 0px; line-height: 24px; color: rgb(51, 51, 51); text-align: justify; font-family: arial; white-space: normal; background-color: rgb(255, 255, 255);\"><span class=\"bjh-p\" style=\"display: block;\"><span class=\"bjh-strong\" style=\"font-size: 18px; font-weight: 700;\">美国：纽约州州长感谢中方捐助呼吸机</span></span></p><p><img class=\"large\" src=\"/resources/upload/image/20200406/1586144576368060794.jpg\"/></p><p style=\"margin-top: 26px; margin-bottom: 0px; padding: 0px; line-height: 24px; color: rgb(51, 51, 51); text-align: justify; font-family: arial; white-space: normal; background-color: rgb(255, 255, 255);\"><span class=\"bjh-p\" style=\"display: block;\">美国目前是全世界新冠肺炎累计确诊病例最多的国家，纽约州是美国疫情最严重的州。当地时间4日，纽约州州长安德鲁·科莫表示，<span class=\"bjh-strong\" style=\"font-size: 18px; font-weight: 700;\">预计高峰将在未来5至8天到来。</span></span></p><p style=\"margin-top: 22px; margin-bottom: 0px; padding: 0px; line-height: 24px; color: rgb(51, 51, 51); text-align: justify; font-family: arial; white-space: normal; background-color: rgb(255, 255, 255);\"><span class=\"bjh-p\" style=\"display: block;\">科莫在当天举行的每日新冠肺炎疫情发布会上表示，在中国政府及中国驻纽约总领馆的协助下，阿里巴巴公益基金会等联合向纽约州捐助了1000台人工呼吸机。科莫感谢中方的捐助，也对中国驻纽约总领馆的协助表示感谢。</span></p>', 0, 0, '2020-04-06 11:43:00');
INSERT INTO `news` VALUES (4, 5, '热血沸腾！看特战队员“点燃”春日练兵场！', '近日，武警天津总队机动支队特战大队年度军事训练全面开展', '热血,特战,军事', '/resources/upload/1586144681307.jpeg', '解放军新闻传播中心', '<p style=\"margin-top: 0px; margin-bottom: 0px; padding: 0px; line-height: 24px; color: rgb(51, 51, 51); text-align: justify; font-family: arial; white-space: normal; background-color: rgb(255, 255, 255);\"><span class=\"bjh-p\" style=\"display: block;\">春日暖阳照，练兵好时节</span></p><p style=\"margin-top: 22px; margin-bottom: 0px; padding: 0px; line-height: 24px; color: rgb(51, 51, 51); text-align: justify; font-family: arial; white-space: normal; background-color: rgb(255, 255, 255);\"><span class=\"bjh-p\" style=\"display: block;\">近日，武警天津总队机动支队特战大队</span></p><p style=\"margin-top: 22px; margin-bottom: 0px; padding: 0px; line-height: 24px; color: rgb(51, 51, 51); text-align: justify; font-family: arial; white-space: normal; background-color: rgb(255, 255, 255);\"><span class=\"bjh-p\" style=\"display: block;\">年度军事训练全面开展</span></p><p style=\"margin-top: 22px; margin-bottom: 0px; padding: 0px; line-height: 24px; color: rgb(51, 51, 51); text-align: justify; font-family: arial; white-space: normal; background-color: rgb(255, 255, 255);\"><span class=\"bjh-p\" style=\"display: block;\">特战队员紧贴实战</span></p><p style=\"margin-top: 22px; margin-bottom: 0px; padding: 0px; line-height: 24px; color: rgb(51, 51, 51); text-align: justify; font-family: arial; white-space: normal; background-color: rgb(255, 255, 255);\"><span class=\"bjh-p\" style=\"display: block;\">灵活开展战术、攀登</span></p><p style=\"margin-top: 22px; margin-bottom: 0px; padding: 0px; line-height: 24px; color: rgb(51, 51, 51); text-align: justify; font-family: arial; white-space: normal; background-color: rgb(255, 255, 255);\"><span class=\"bjh-p\" style=\"display: block;\">器械、极限体能等多课目训练</span></p><p style=\"margin-top: 22px; margin-bottom: 0px; padding: 0px; line-height: 24px; color: rgb(51, 51, 51); text-align: justify; font-family: arial; white-space: normal; background-color: rgb(255, 255, 255);\"><span class=\"bjh-p\" style=\"display: block;\">在实战化训练中摔打磨砺</span></p><p style=\"margin-top: 22px; margin-bottom: 0px; padding: 0px; line-height: 24px; color: rgb(51, 51, 51); text-align: justify; font-family: arial; white-space: normal; background-color: rgb(255, 255, 255);\"><span class=\"bjh-p\" style=\"display: block;\">全面提升智、体、技、战综合作战能力</span></p><p style=\"margin-top: 22px; margin-bottom: 0px; padding: 0px; line-height: 24px; color: rgb(51, 51, 51); text-align: justify; font-family: arial; white-space: normal; background-color: rgb(255, 255, 255);\"><span class=\"bjh-p\" style=\"display: block;\">下面，请跟随镜头</span></p><p style=\"margin-top: 22px; margin-bottom: 0px; padding: 0px; line-height: 24px; color: rgb(51, 51, 51); text-align: justify; font-family: arial; white-space: normal; background-color: rgb(255, 255, 255);\"><span class=\"bjh-p\" style=\"display: block;\">一起去现场看看吧！</span></p><p style=\"margin-top: 22px; margin-bottom: 0px; padding: 0px; line-height: 24px; color: rgb(51, 51, 51); text-align: justify; font-family: arial; white-space: normal; background-color: rgb(255, 255, 255);\"><span class=\"bjh-p\" style=\"display: block;\"><span class=\"bjh-strong\" style=\"font-size: 18px; font-weight: 700;\">第一部分：战术课目训练</span></span></p><p><img class=\"large\" src=\"/resources/upload/image/20200406/1586144698976069107.jpg\"/><span class=\"bjh-image-caption\" style=\"font-size: 13px; color: rgb(153, 153, 153); display: block; margin-top: 11px; text-align: center;\">进行战术演练</span></p><p><img class=\"large\" src=\"/resources/upload/image/20200406/1586144699006097042.jpg\"/></p><p style=\"margin-top: 26px; margin-bottom: 0px; padding: 0px; line-height: 24px; color: rgb(51, 51, 51); text-align: justify; font-family: arial; white-space: normal; background-color: rgb(255, 255, 255);\"><span class=\"bjh-p\" style=\"display: block;\">战术的重要性不言而喻。只有平时不断磨练，提高战友之间的默契，才能在实战时发挥出最大效能。<span class=\"bjh-br\"></span></span></p><p style=\"margin-top: 22px; margin-bottom: 0px; padding: 0px; line-height: 24px; color: rgb(51, 51, 51); text-align: justify; font-family: arial; white-space: normal; background-color: rgb(255, 255, 255);\"><span class=\"bjh-p\" style=\"display: block;\"><span class=\"bjh-strong\" style=\"font-size: 18px; font-weight: 700;\">第二部分：极限体能训练</span></span></p><p><img class=\"large\" src=\"/resources/upload/image/20200406/1586144699088043985.jpg\"/></p><p style=\"margin-top: 26px; margin-bottom: 0px; padding: 0px; line-height: 24px; color: rgb(51, 51, 51); text-align: justify; font-family: arial; white-space: normal; background-color: rgb(255, 255, 255);\"><span class=\"bjh-p\" style=\"display: block;\">毫无疑问，在执行任务中，个人体能也是很关键的因素。对此，特战大队组织队员们开展多项极限体能训练。</span></p><p><img class=\"large\" src=\"/resources/upload/image/20200406/1586144699139086120.jpg\"/></p><p><img class=\"large\" src=\"/resources/upload/image/20200406/1586144699188030942.jpg\"/><span class=\"bjh-image-caption\" style=\"font-size: 13px; color: rgb(153, 153, 153); display: block; margin-top: 11px; text-align: center;\">紧咬牙关，流血流汗不流泪</span></p><p><img class=\"large\" src=\"/resources/upload/image/20200406/1586144699240021574.jpg\"/></p><p style=\"margin-top: 26px; margin-bottom: 0px; padding: 0px; line-height: 24px; color: rgb(51, 51, 51); text-align: justify; font-family: arial; white-space: normal; background-color: rgb(255, 255, 255);\"><span class=\"bjh-p\" style=\"display: block;\">一分耕耘一分收获，今日训练场上洒下的汗水，必将成就明日最强壮的体魄、最迅捷的速度。</span></p><p style=\"margin-top: 22px; margin-bottom: 0px; padding: 0px; line-height: 24px; color: rgb(51, 51, 51); text-align: justify; font-family: arial; white-space: normal; background-color: rgb(255, 255, 255);\"><span class=\"bjh-p\" style=\"display: block;\">第三部分：专项课目训练</span></p><p><img class=\"large\" src=\"/resources/upload/image/20200406/1586144699272093817.jpg\"/></p><p style=\"margin-top: 26px; margin-bottom: 0px; padding: 0px; line-height: 24px; color: rgb(51, 51, 51); text-align: justify; font-family: arial; white-space: normal; background-color: rgb(255, 255, 255);\"><span class=\"bjh-p\" style=\"display: block;\">通过攀登训练，突破一次次高度，为实战提供更多经验。</span></p><p><img class=\"large\" src=\"/resources/upload/image/20200406/1586144699317050030.jpg\"/></p><p><img class=\"large\" src=\"/resources/upload/image/20200406/1586144699351006651.jpg\"/></p><p style=\"margin-top: 26px; margin-bottom: 0px; padding: 0px; line-height: 24px; color: rgb(51, 51, 51); text-align: justify; font-family: arial; white-space: normal; background-color: rgb(255, 255, 255);\"><span class=\"bjh-p\" style=\"display: block;\">器械训练，不只有引体向上……</span></p><p><img class=\"large\" src=\"/resources/upload/image/20200406/1586144699369074626.jpg\"/></p><p style=\"margin-top: 26px; margin-bottom: 0px; padding: 0px; line-height: 24px; color: rgb(51, 51, 51); text-align: justify; font-family: arial; white-space: normal; background-color: rgb(255, 255, 255);\"><span class=\"bjh-p\" style=\"display: block;\">让汗水任意流下，眼神里只有必胜的信念!</span></p><p><img class=\"large\" src=\"/resources/upload/image/20200406/1586144699390049072.jpg\"/></p><p style=\"margin-top: 26px; margin-bottom: 0px; padding: 0px; line-height: 24px; color: rgb(51, 51, 51); text-align: justify; font-family: arial; white-space: normal; background-color: rgb(255, 255, 255);\"><span class=\"bjh-p\" style=\"display: block;\">一切的训练，不论是战术还是体能，都是为了更好地提高战斗力，确保在关键时候能打胜仗，能更好地保卫祖国和人民！</span></p><p style=\"margin-top: 22px; margin-bottom: 0px; padding: 0px; line-height: 24px; color: rgb(51, 51, 51); text-align: justify; font-family: arial; white-space: normal; background-color: rgb(255, 255, 255);\"><span class=\"bjh-p\" style=\"display: block;\">你们都是好样的！</span></p>', 0, 0, '2020-04-06 11:45:04');
INSERT INTO `news` VALUES (5, 6, '郑商所：白糖等品种交易保证金、涨跌停板幅度调整！', '中新经纬客户端4月1日电 据郑商所网站消息，2020年清明节期间，调整白糖、菜籽油、棉花、棉纱等部分品种交易保证金标准和涨跌停板幅度。', '白糖,交易,涨跌', '/resources/upload/1586144821528.jpeg', '中新经纬', '<p style=\"margin-top: 0px; margin-bottom: 0px; padding: 0px; line-height: 24px; color: rgb(51, 51, 51); text-align: justify; font-family: arial; white-space: normal; background-color: rgb(255, 255, 255);\"><span class=\"bjh-p\" style=\"display: block;\">中新经纬客户端4月1日电 据郑商所网站消息，2020年清明节期间，调整白糖、菜籽油、棉花、棉纱等部分品种交易保证金标准和涨跌停板幅度。</span></p><p><img class=\"large\" src=\"/resources/upload/image/20200406/1586144878957072424.jpg\"/></p><p style=\"margin-top: 26px; margin-bottom: 0px; padding: 0px; line-height: 24px; color: rgb(51, 51, 51); text-align: justify; font-family: arial; white-space: normal; background-color: rgb(255, 255, 255);\"><span class=\"bjh-p\" style=\"display: block;\">来源：郑商所网站</span></p><p style=\"margin-top: 22px; margin-bottom: 0px; padding: 0px; line-height: 24px; color: rgb(51, 51, 51); text-align: justify; font-family: arial; white-space: normal; background-color: rgb(255, 255, 255);\"><span class=\"bjh-p\" style=\"display: block;\">郑商所称，根据《郑州商品交易所期货交易风险控制管理办法》第九条规定，经研究决定，对2020年清明节期间部分品种交易保证金标准和涨跌停板幅度作如下调整：<span class=\"bjh-strong\" style=\"font-size: 18px; font-weight: 700;\">自2020年4月2日结算时起，白糖、菜籽油、玻璃、纯碱和尿素品种交易保证金标准调整至6%，涨跌停板幅度调整至5%；菜籽粕品种交易保证金标准调整至7%，涨跌停板幅度调整至6%；棉花、棉纱、PTA和甲醇品种交易保证金标准调整至8%，涨跌停板幅度调整至7%。</span></span></p><p style=\"margin-top: 22px; margin-bottom: 0px; padding: 0px; line-height: 24px; color: rgb(51, 51, 51); text-align: justify; font-family: arial; white-space: normal; background-color: rgb(255, 255, 255);\"><span class=\"bjh-p\" style=\"display: block;\">2020年4月7日恢复交易后，自品种持仓量最大的合约未出现涨跌停板单边市的第一个交易日结算时起，上述品种执行的交易保证金标准和涨跌停板幅度为：白糖、玻璃、纯碱和尿素品种交易保证金标准为5%，涨跌停板幅度为4%；菜籽油和菜籽粕品种交易保证金标准为6%，涨跌停板幅度为5%；棉花、棉纱、PTA和甲醇品种交易保证金标准为7%，涨跌停板幅度为6%。</span></p><p style=\"margin-top: 22px; margin-bottom: 0px; padding: 0px; line-height: 24px; color: rgb(51, 51, 51); text-align: justify; font-family: arial; white-space: normal; background-color: rgb(255, 255, 255);\"><span class=\"bjh-p\" style=\"display: block;\">郑商所表示，按规则规定执行的交易保证金标准和涨跌停板幅度高于上述标准的，仍按原规定执行。请各会员单位加强资金和持仓风险管理，提醒投资者强化风险意识，加强风险防范。</span></p>', 0, 0, '2020-04-06 11:48:01');
INSERT INTO `news` VALUES (6, 7, '要复出的节奏！张继科连续晒训练视频，球迷：开始备战奥运了吗？', '4月1日，国乒大满贯得主张继科再次在个人社交平台晒出了一段打球视频，视频中，张继科正在与队友进行了对打训练，许久未打正式比赛的张继科显示了非常不错的状态。', '张继科,乒乓球,奥运', '/resources/upload/1586144969717.png', '鲁能队报', '<p style=\"margin-top: 0px; margin-bottom: 0px; padding: 0px; line-height: 24px; color: rgb(51, 51, 51); text-align: justify; font-family: arial; white-space: normal; background-color: rgb(255, 255, 255);\"><span class=\"bjh-p\" style=\"display: block;\">4月1日，国乒大满贯得主张继科再次在个人社交平台晒出了一段打球视频，视频中，张继科正在与队友进行了对打训练，许久未打正式比赛的张继科显示了非常不错的状态。2天之前，张继科刚刚晒出了与侯英超对练的视频，让不少球迷调侃，张继科这是要复出的节奏。</span></p><p><img class=\"large\" src=\"/resources/upload/image/20200406/1586144983955027079.png\"/></p><p style=\"margin-top: 26px; margin-bottom: 0px; padding: 0px; line-height: 24px; color: rgb(51, 51, 51); text-align: justify; font-family: arial; white-space: normal; background-color: rgb(255, 255, 255);\"><span class=\"bjh-p\" style=\"display: block;\">2天之前，许久没有露面的张继科在微博晒出了一段与侯英超对练的视频，张继科展现了非常不错的状态，侯英超也称赞张继科状态可以，继续保持。视频中，张继科每得一分都会大吼庆祝，似乎找到了比赛时的激情。</span></p><p><img class=\"large\" src=\"/resources/upload/image/20200406/1586144984108043588.jpg\"/></p><p style=\"margin-top: 26px; margin-bottom: 0px; padding: 0px; line-height: 24px; color: rgb(51, 51, 51); text-align: justify; font-family: arial; white-space: normal; background-color: rgb(255, 255, 255);\"><span class=\"bjh-p\" style=\"display: block;\">今天，张继科再次晒出了一段训练视频，并写到：“酸”的开始“爽”的结束。视频中，他与队友正在进行对打训练，张继科的侧身大角度、反手推挡都非常不错，展现了昔日大满贯的风采。</span></p><p><img class=\"large\" src=\"/resources/upload/image/20200406/1586144984213039813.jpg\"/></p><p style=\"margin-top: 26px; margin-bottom: 0px; padding: 0px; line-height: 24px; color: rgb(51, 51, 51); text-align: justify; font-family: arial; white-space: normal; background-color: rgb(255, 255, 255);\"><span class=\"bjh-p\" style=\"display: block;\">看到张继科的不俗状态，有球迷调侃，焕发青春的小哥哥，这是要复出的节奏吗？还有球迷询问：这是要开始备战了吗？其实，张继科今年也只有32岁，与马龙同龄，不过自从2018年的韩国公开赛后，张继科就没有再次出现在国际赛场上，阔别赛场已经将近2年。</span></p><p><img class=\"large\" src=\"/resources/upload/image/20200406/1586144984315047745.jpg\"/></p><p style=\"margin-top: 26px; margin-bottom: 0px; padding: 0px; line-height: 24px; color: rgb(51, 51, 51); text-align: justify; font-family: arial; white-space: normal; background-color: rgb(255, 255, 255);\"><span class=\"bjh-p\" style=\"display: block;\">张继科是国乒男队继刘国梁和孔令辉之后的又一位大满贯得主，他完成这一神迹只用了445天，这也是目前的最快纪录。东京奥运将延期一年举行，如果张继科现在开始复出训练，完全有可能赶上东京奥运，难怪有不少球迷发出了张继科要复出的调侃。</span></p>', 0, 0, '2020-04-06 11:49:47');
INSERT INTO `news` VALUES (7, 8, '“翻拍”二字终究是《大赢家》的枷锁', '都说“世上没有免费的午餐”，可这年头，偏偏就出现了免费的电影。', '大赢家,大鹏,翻拍', '/resources/upload/1586145077092.jpeg', '一号馆', '<p style=\"margin-top: 0px; margin-bottom: 0px; padding: 0px; line-height: 24px; color: rgb(51, 51, 51); text-align: justify; font-family: arial; white-space: normal; background-color: rgb(255, 255, 255);\"><span class=\"bjh-p\" style=\"display: block;\">都说“世上没有免费的午餐”，可这年头，偏偏就出现了免费的电影。</span></p><p style=\"margin-top: 22px; margin-bottom: 0px; padding: 0px; line-height: 24px; color: rgb(51, 51, 51); text-align: justify; font-family: arial; white-space: normal; background-color: rgb(255, 255, 255);\"><span class=\"bjh-p\" style=\"display: block;\">先是徐峥的《囧妈》，接着又是大鹏的这部——</span></p><p style=\"margin-top: 22px; margin-bottom: 0px; padding: 0px; line-height: 24px; color: rgb(51, 51, 51); text-align: justify; font-family: arial; white-space: normal; background-color: rgb(255, 255, 255);\"><span class=\"bjh-p\" style=\"display: block;\"><span class=\"bjh-strong\" style=\"font-size: 18px; font-weight: 700;\">《大赢家》，</span>一部带着讽刺色彩的黑色喜剧电影。</span></p><p><img class=\"large\" src=\"/resources/upload/image/20200406/1586145093104027058.jpg\"/></p><p style=\"margin-top: 26px; margin-bottom: 0px; padding: 0px; line-height: 24px; color: rgb(51, 51, 51); text-align: justify; font-family: arial; white-space: normal; background-color: rgb(255, 255, 255);\"><span class=\"bjh-p\" style=\"display: block;\">这是一部翻拍片，但这里有必要说清楚，《大赢家》其实也并不是翻拍韩国版的《率性而活》，而是和《率性而活》一样，都是翻拍自日本作家都井邦彦所著的小说《游戏永无结束时》。<span class=\"bjh-br\"></span></span></p><p><img class=\"large\" src=\"/resources/upload/image/20200406/1586145093189098626.jpg\"/></p><p style=\"margin-top: 26px; margin-bottom: 0px; padding: 0px; line-height: 24px; color: rgb(51, 51, 51); text-align: justify; font-family: arial; white-space: normal; background-color: rgb(255, 255, 255);\"><span class=\"bjh-p\" style=\"display: block;\">但主要因为韩版确实比较经典，影响力也大，所以很多人误以为如此。<span class=\"bjh-br\"></span></span></p><p style=\"margin-top: 22px; margin-bottom: 0px; padding: 0px; line-height: 24px; color: rgb(51, 51, 51); text-align: justify; font-family: arial; white-space: normal; background-color: rgb(255, 255, 255);\"><span class=\"bjh-p\" style=\"display: block;\">言归正传。</span></p><p style=\"margin-top: 22px; margin-bottom: 0px; padding: 0px; line-height: 24px; color: rgb(51, 51, 51); text-align: justify; font-family: arial; white-space: normal; background-color: rgb(255, 255, 255);\"><span class=\"bjh-p\" style=\"display: block;\">《大赢家》由于淼执导，大鹏 、柳岩 、代乐乐、张子贤、孟鹤堂 、田雨、杜源、屈菁菁、腾格尔等众多明星联袂主演，讲述的是一个关于正直较真，十分轴的银行职员严谨(大鹏饰)“变身”穷凶极恶的劫匪，带领着一群戏精人质与警察展开了一场令人捧腹的银行抢劫演习的故事。</span></p><p><img class=\"large\" src=\"/resources/upload/image/20200406/1586145093249074493.jpg\"/></p><p style=\"margin-top: 26px; margin-bottom: 0px; padding: 0px; line-height: 24px; color: rgb(51, 51, 51); text-align: justify; font-family: arial; white-space: normal; background-color: rgb(255, 255, 255);\"><span class=\"bjh-p\" style=\"display: block;\">故事其实与日韩两版差不多，但毕竟尺度限制等问题，一开始就注定该片的内核与外国版的有很大的差别。<span class=\"bjh-br\"></span></span></p><p style=\"margin-top: 22px; margin-bottom: 0px; padding: 0px; line-height: 24px; color: rgb(51, 51, 51); text-align: justify; font-family: arial; white-space: normal; background-color: rgb(255, 255, 255);\"><span class=\"bjh-p\" style=\"display: block;\">比起《率性而活》没有那么多顾虑的翻拍，《大赢家》则无法放开手脚去翻拍，需要的是本土化的改编。</span></p><p style=\"margin-top: 22px; margin-bottom: 0px; padding: 0px; line-height: 24px; color: rgb(51, 51, 51); text-align: justify; font-family: arial; white-space: normal; background-color: rgb(255, 255, 255);\"><span class=\"bjh-p\" style=\"display: block;\">而本片的编剧也并非完全拿来主义，也是进行了比较大的本土化改编。与《率性而活》是从警察的角度去讲述抢劫银行的演习，国内版的《大赢家》则是从银行职员的角度去讲述演习，而片中出现的用水枪，折纸抢，香蕉炸弹也算是一大亮点。</span></p><p><img class=\"large\" src=\"/resources/upload/image/20200406/1586145093311081980.jpg\"/></p><p style=\"margin-top: 26px; margin-bottom: 0px; padding: 0px; line-height: 24px; color: rgb(51, 51, 51); text-align: justify; font-family: arial; white-space: normal; background-color: rgb(255, 255, 255);\"><span class=\"bjh-p\" style=\"display: block;\">从剧情节奏和推进来说，《大赢家》的主线故事推进没有明显的瑕疵，情节流畅也算紧凑，基本可以达到了自圆其说的效果，故事的完成度也相对较高。<span class=\"bjh-br\"></span></span></p><p style=\"margin-top: 22px; margin-bottom: 0px; padding: 0px; line-height: 24px; color: rgb(51, 51, 51); text-align: justify; font-family: arial; white-space: normal; background-color: rgb(255, 255, 255);\"><span class=\"bjh-p\" style=\"display: block;\"><span class=\"bjh-strong\" style=\"font-size: 18px; font-weight: 700;\">其中加入的大量的冷幽默的笑点和只能在中国语境下成听得懂的戏剧元素，更是看得出该片的诚意。</span></span></p><p><img class=\"large\" src=\"/resources/upload/image/20200406/1586145093361024148.jpg\"/></p><p style=\"margin-top: 26px; margin-bottom: 0px; padding: 0px; line-height: 24px; color: rgb(51, 51, 51); text-align: justify; font-family: arial; white-space: normal; background-color: rgb(255, 255, 255);\"><span class=\"bjh-p\" style=\"display: block;\">而从角色的塑造来看，无论是大鹏的严谨，代乐乐的邢云株，田雨的行长吴小江，柳岩的于海娇，张子贤的老姚还是孟鹤堂的大堂经理周游……<span class=\"bjh-br\"></span></span></p><p><img class=\"large\" src=\"/resources/upload/image/20200406/1586145093389033687.jpg\"/></p><p style=\"margin-top: 26px; margin-bottom: 0px; padding: 0px; line-height: 24px; color: rgb(51, 51, 51); text-align: justify; font-family: arial; white-space: normal; background-color: rgb(255, 255, 255);\"><span class=\"bjh-p\" style=\"display: block;\">一个个角色也各有特色，也都能让人记得住，演员的演技也基本在线，配合着电影剧情的推进也算是相得益彰。<span class=\"bjh-br\"></span></span></p><p style=\"margin-top: 22px; margin-bottom: 0px; padding: 0px; line-height: 24px; color: rgb(51, 51, 51); text-align: justify; font-family: arial; white-space: normal; background-color: rgb(255, 255, 255);\"><span class=\"bjh-p\" style=\"display: block;\"><span class=\"bjh-strong\" style=\"font-size: 18px; font-weight: 700;\">当然，影片的不足地方还是有不少的。</span></span></p><p style=\"margin-top: 22px; margin-bottom: 0px; padding: 0px; line-height: 24px; color: rgb(51, 51, 51); text-align: justify; font-family: arial; white-space: normal; background-color: rgb(255, 255, 255);\"><span class=\"bjh-p\" style=\"display: block;\">纵观全片，《大赢家》算是一部合格的搞笑片，但搞笑有余内涵深度却也显得不足，毕竟尺度限制的关系，影片也确实很难有《率性而活》来得更有深度。</span></p><p><img class=\"normal\" width=\"493px\" src=\"http://tukuimg.bdstatic.com/scrop/21aeedbd16c9c933f49d9d9e7e8173f6.gif\"/></p><p style=\"margin-top: 26px; margin-bottom: 0px; padding: 0px; line-height: 24px; color: rgb(51, 51, 51); text-align: justify; font-family: arial; white-space: normal; background-color: rgb(255, 255, 255);\"><span class=\"bjh-p\" style=\"display: block;\">演员的演技方面，大鹏的表现并不突出，多处镜头也有明显的表演痕迹，比如严谨和他妹妹相约摩托车脱逃时，被丢在门口时的动作神情，看着就不是特别自然，而之后的表现比起配角田雨、代乐乐等人，也确实逊色不少。全片之中，最为搞笑的当属代乐乐的女职员邢云株，可以说几乎承包了全片百分之7—80%的笑点。</span></p><p style=\"margin-top: 26px; margin-bottom: 0px; padding: 0px; line-height: 24px; color: rgb(51, 51, 51); text-align: justify; font-family: arial; white-space: normal; background-color: rgb(255, 255, 255);\"><span class=\"bjh-p\" style=\"display: block;\"><span class=\"bjh-br\"></span></span></p><p style=\"margin-top: 22px; margin-bottom: 0px; padding: 0px; line-height: 24px; color: rgb(51, 51, 51); text-align: justify; font-family: arial; white-space: normal; background-color: rgb(255, 255, 255);\"><span class=\"bjh-p\" style=\"display: block;\">剧情方面，电影的结尾加入了情感线，为了反转而反转，也略显生硬。</span></p><p style=\"margin-top: 22px; margin-bottom: 0px; padding: 0px; line-height: 24px; color: rgb(51, 51, 51); text-align: justify; font-family: arial; white-space: normal; background-color: rgb(255, 255, 255);\"><span class=\"bjh-p\" style=\"display: block;\">总的来说，《大赢家》作为搞笑片确实算合格，作为翻拍片也算是算成功的，诚意可见。首播以来，口碑的反响也算不错，7点几分的开画评分，到现在稳稳停留在6.8，头条评分也达到8.0分，但可能是因为“翻拍”二字的缘故，也一直陷入了争议的漩涡之中。</span></p><p><img class=\"large\" src=\"/resources/upload/image/20200406/1586145093474065112.jpg\"/></p><p style=\"margin-top: 26px; margin-bottom: 0px; padding: 0px; line-height: 24px; color: rgb(51, 51, 51); text-align: justify; font-family: arial; white-space: normal; background-color: rgb(255, 255, 255);\"><span class=\"bjh-p\" style=\"display: block;\">毕竟，翻拍固然好，但也终究是翻拍，虽然也更有保障保险，但终难还是怕被比较，翻拍好了，免不了被扣上沾了原作的光，翻车了，更是不讨好且一度被槽。<span class=\"bjh-strong\" style=\"font-size: 18px; font-weight: 700;\">而且翻拍也不利于电影的长远发展，市面上还是需要更多像《我不是药神》这样的原创佳作。</span></span></p>', 2, 2, '2020-04-06 11:52:02');
INSERT INTO `news` VALUES (8, 1, '沪通长江大桥主航道桥桥面沥青摊铺全部完工', '4月14日拍摄的沪通长江大桥主航道桥桥面沥青摊铺现场（无人机照片）。 当日，由中铁大桥局承建的沪通长江大桥主航道桥桥面沥青摊铺全部完工。 沪通长江大桥为通沪铁路全线的控制性工程，全长11072米，主桥采用双塔斜拉桥设计，主跨1092米，是世界上首座跨度超千米的公铁两用斜拉桥。', '长江,桥,国内', '/resources/upload/1586961753039.jpg', '新华网', '<p style=\"white-space: normal; margin-top: 10px; margin-bottom: 20px; padding: 0px; list-style: none; line-height: 30px; word-break: break-all; color: rgb(25, 25, 25); font-family: &quot;PingFang SC&quot;, Helvetica, &quot;Microsoft YaHei&quot;, simsun, sans-serif; background-color: rgb(249, 249, 249);\"><img src=\"/resources/upload/image/20200415/1586961800016078021.jpg\"/></p><p style=\"white-space: normal; margin-top: 10px; margin-bottom: 20px; padding: 0px; list-style: none; line-height: 30px; word-break: break-all; color: rgb(25, 25, 25); font-family: &quot;PingFang SC&quot;, Helvetica, &quot;Microsoft YaHei&quot;, simsun, sans-serif; background-color: rgb(249, 249, 249);\">4月14日拍摄的沪通长江大桥主航道桥桥面沥青摊铺现场（无人机照片）。 当日，由中铁大桥局承建的沪通长江大桥主航道桥桥面沥青摊铺全部完工。 沪通长江大桥为通沪铁路全线的控制性工程，全长11072米，主桥采用双塔斜拉桥设计，主跨1092米，是世界上首座跨度超千米的公铁两用斜拉桥。 新华社发（许丛军 摄）</p><p style=\"white-space: normal; margin-top: 10px; margin-bottom: 20px; padding: 0px; list-style: none; line-height: 30px; word-break: break-all; color: rgb(25, 25, 25); font-family: &quot;PingFang SC&quot;, Helvetica, &quot;Microsoft YaHei&quot;, simsun, sans-serif; background-color: rgb(249, 249, 249);\"><img src=\"/resources/upload/image/20200415/1586961800226025728.jpg\"/></p><p style=\"white-space: normal; margin-top: 10px; margin-bottom: 20px; padding: 0px; list-style: none; line-height: 30px; word-break: break-all; color: rgb(25, 25, 25); font-family: &quot;PingFang SC&quot;, Helvetica, &quot;Microsoft YaHei&quot;, simsun, sans-serif; background-color: rgb(249, 249, 249);\">4月14日拍摄的沪通长江大桥主航道桥桥面沥青摊铺现场（无人机照片）。 当日，由中铁大桥局承建的沪通长江大桥主航道桥桥面沥青摊铺全部完工。 沪通长江大桥为通沪铁路全线的控制性工程，全长11072米，主桥采用双塔斜拉桥设计，主跨1092米，是世界上首座跨度超千米的公铁两用斜拉桥。 新华社发（许丛军 摄）</p><p style=\"white-space: normal; margin-top: 10px; margin-bottom: 20px; padding: 0px; list-style: none; line-height: 30px; word-break: break-all; color: rgb(25, 25, 25); font-family: &quot;PingFang SC&quot;, Helvetica, &quot;Microsoft YaHei&quot;, simsun, sans-serif; background-color: rgb(249, 249, 249);\"><img src=\"/resources/upload/image/20200415/1586961800297006375.jpg\"/></p><p style=\"white-space: normal; margin-top: 10px; margin-bottom: 20px; padding: 0px; list-style: none; line-height: 30px; word-break: break-all; color: rgb(25, 25, 25); font-family: &quot;PingFang SC&quot;, Helvetica, &quot;Microsoft YaHei&quot;, simsun, sans-serif; background-color: rgb(249, 249, 249);\">4月14日拍摄的沪通长江大桥主航道桥桥面沥青摊铺现场（无人机照片）。 当日，由中铁大桥局承建的沪通长江大桥主航道桥桥面沥青摊铺全部完工。 沪通长江大桥为通沪铁路全线的控制性工程，全长11072米，主桥采用双塔斜拉桥设计，主跨1092米，是世界上首座跨度超千米的公铁两用斜拉桥。 新华社发（许丛军 摄）</p><p style=\"white-space: normal; margin-top: 10px; margin-bottom: 20px; padding: 0px; list-style: none; line-height: 30px; word-break: break-all; color: rgb(25, 25, 25); font-family: &quot;PingFang SC&quot;, Helvetica, &quot;Microsoft YaHei&quot;, simsun, sans-serif; background-color: rgb(249, 249, 249);\"><img src=\"/resources/upload/image/20200415/1586961800480042621.jpg\"/></p><p style=\"white-space: normal; margin-top: 10px; margin-bottom: 20px; padding: 0px; list-style: none; line-height: 30px; word-break: break-all; color: rgb(25, 25, 25); font-family: &quot;PingFang SC&quot;, Helvetica, &quot;Microsoft YaHei&quot;, simsun, sans-serif; background-color: rgb(249, 249, 249);\">4月14日拍摄的沪通长江大桥主航道桥桥面沥青摊铺现场（无人机照片）。 当日，由中铁大桥局承建的沪通长江大桥主航道桥桥面沥青摊铺全部完工。 沪通长江大桥为通沪铁路全线的控制性工程，全长11072米，主桥采用双塔斜拉桥设计，主跨1092米，是世界上首座跨度超千米的公铁两用斜拉桥。 新华社发（许丛军 摄）</p><p style=\"white-space: normal; margin-top: 10px; margin-bottom: 20px; padding: 0px; list-style: none; line-height: 30px; word-break: break-all; color: rgb(25, 25, 25); font-family: &quot;PingFang SC&quot;, Helvetica, &quot;Microsoft YaHei&quot;, simsun, sans-serif; background-color: rgb(249, 249, 249);\"><img src=\"/resources/upload/image/20200415/1586961800518046507.jpg\"/></p><p style=\"white-space: normal; margin-top: 10px; margin-bottom: 20px; padding: 0px; list-style: none; line-height: 30px; word-break: break-all; color: rgb(25, 25, 25); font-family: &quot;PingFang SC&quot;, Helvetica, &quot;Microsoft YaHei&quot;, simsun, sans-serif; background-color: rgb(249, 249, 249);\">4月14日拍摄的沪通长江大桥主航道桥桥面沥青摊铺现场（无人机照片）。 当日，由中铁大桥局承建的沪通长江大桥主航道桥桥面沥青摊铺全部完工。 沪通长江大桥为通沪铁路全线的控制性工程，全长11072米，主桥采用双塔斜拉桥设计，主跨1092米，是世界上首座跨度超千米的公铁两用斜拉桥。</p>', 0, 0, '2020-04-15 22:43:35');
INSERT INTO `news` VALUES (9, 1, '官宣！广东这三所高校研究生扩招！', '近日，广州大学官网、东莞理工学院、仲恺农业工程学院各自发布最新的研究生招生计划。计划显示，广州大学2020年硕士研究生招生指标增加至2281名，增幅达30.2%；东莞理工学院2020年研究生招生计划总数209人，较2019年增加130人，其整体扩招比例达到165%；仲恺农业工程学院2020年招生指标大幅增长至590名，同比增长59.5%。', '广东,研究生招生,扩招,国内', '/resources/upload/1587045266556.jpg', '广东发布', '<p><span style=\"color: rgb(51, 51, 51); font-family: \">2月28日，在国务院联防联控机制举办的新闻发布会上，教育部副部长翁铁慧表示，今年扩大硕士研究生招生规模比去年可能增加18.9万，重点投放服务国家战略和社会民生急需领域。</span><br/><span style=\"color: rgb(51, 51, 51); font-family: \">近日，广州大学、东莞理工学院、仲恺农业工程学院各自发布最新的研究生招生计划。计划显示，广州大学2020年硕士研究生招生指标增加至2281名，增幅达30.2%；东莞理工学院2020年研究生招生计划总数209人，较2019年增加130人，其整体扩招比例达到165%；仲恺农业工程学院2020年招生指标大幅增长至590名，同比增长59.5%。</span><br/><span style=\"color: rgb(51, 51, 51); font-family: \">//</span><br/><span style=\"color: rgb(51, 51, 51); font-family: \">广州大学</span><br/><span style=\"color: rgb(51, 51, 51); font-family: \">//</span><br/></p><p><img src=\"/resources/upload/image/20200415/1586962125944010379.jpg\" height=\"598\" width=\"640\" alt=\"\"/></p><p><span style=\"color: rgb(51, 51, 51); font-family: \">广州大学研究生院官网</span><br/><span style=\"color: rgb(51, 51, 51); font-family: \">日前，广州大学研究生院官网发布通知称，根据教育部最新下达的2020年研究生招生计划，广州大学2020年硕士、博士研究生招生指标均大幅增长，硕士研究生招生指标增加至2281名，增幅达30.2%；其中学术学位632人、专业学位1649人，分别较去年增加36.5%和28%。博士研究生指标增加至104名，增幅19.5%，其中学术学位77人、专业学位27人，分别较去年增加10%和58.8%。指标数、增幅率双创广州大学研究生招生工作之最。</span><br/><span style=\"color: rgb(51, 51, 51); font-family: \">在中国研究生招生信息网公布的2020研招访谈中，广州大学研究生院常务副院长唐春明表示，广州大学学硕新增加了党的建设专业，主要是侧重01中国共产党党建理论研究、02党的建设与治国理政能力研究、03基层党建与基层治理研究三个方向。</span><br/><span style=\"color: rgb(51, 51, 51); font-family: \">//</span><br/><span style=\"color: rgb(51, 51, 51); font-family: \">东莞理工学院</span><br/><span style=\"color: rgb(51, 51, 51); font-family: \">//</span><br/></p><p><img src=\"/resources/upload/image/20200415/1586962125996027387.jpg\" height=\"167\" width=\"578\" alt=\"\"/></p><p><span style=\"color: rgb(51, 51, 51); font-family: \">东莞理工学院发布研究生扩招信息</span><br/><span style=\"color: rgb(51, 51, 51); font-family: \">东莞理工学院整体扩招比例达到165%。3月31日，东莞理工学院招生信息网发布2020年研究生招生计划称，根据教育部安排，2020年东莞理工学院研究生招生计划总数209人，较2019年增加130人，其中学术学位硕士招生计划68人，较2019年增加32人，增长了近2倍；专业学位硕士招生计划141人，较2019年增加98人，增长了3倍多。</span><br/><span style=\"color: rgb(51, 51, 51); font-family: \">2020年，东莞理工学院将在3个专业招生：计算机科学与技术学院的计算机科学与技术（081200）、生态环境与建筑工程学院的资源与环境（085700）、生态环境工程技术研发中心的资源与环境（085700），招生计划数分别为68人、92人、49人。</span><br/><span style=\"color: rgb(51, 51, 51); font-family: \">//</span><br/><span style=\"color: rgb(51, 51, 51); font-family: \">仲恺农业工程学院</span><br/><span style=\"color: rgb(51, 51, 51); font-family: \">//</span><br/></p><p><img src=\"/resources/upload/image/20200415/1586962126034037007.jpg\" height=\"234\" width=\"600\" alt=\"\"/></p><p><span style=\"color: rgb(51, 51, 51); font-family: \">仲恺农业工程学院发布研究生扩招信息</span><br/><span style=\"color: rgb(51, 51, 51); font-family: \">4月14日，仲恺农业工程学院官微发布消息称，根据教育部最新下达的2020年研究生招生计划，仲恺农业工程学院2020年招生指标大幅增长至590名，同比增长59.5%，其中学术学位148人、专业学位442人，分别较去年增加90%和52%，指标数、增长率均为历年最高。</span><br/><span style=\"color: rgb(51, 51, 51); font-family: \">此外，深圳大学4月1日召开的近期疫情防控及线上教学等重点工作部署会上，深大校长李清泉表示，深圳大学今年硕士研究生报名人数较去年增加了48%，硕士研究生的招生指标也有所增加。</span><br/><span style=\"color: rgb(51, 51, 51); font-family: \">值得注意的是，3月31日，广东省政府新闻办举办的第49场疫情防控新闻发布会，周紫霄通报广东公共卫生人才队伍建设十五条措施的情况，提出扩大公共卫生及相关专业招生规模，在2020年专插本招生中增设预防医学专业，公共卫生硕士专业学位研究生招生计划同比增长50%。戳链接了解详情→</span><br/><span style=\"color: rgb(51, 51, 51); font-family: \">据广东高校2020年硕士研究生招生简章（章程），广东省大部分高校拟招人数继续呈扩招趋势。中山大学拟招收硕士研究生人数约7000名（含推荐免试生），扩招约600人，两项数据均居广东高校之首。暨大、汕大、广东海洋大学均扩招逾百人，华农与广工均小幅扩招90人。华师、广外、南方医科大、深大的简章未公布具体招生人数。</span></p>', 1, 0, '2020-04-15 22:49:42');
INSERT INTO `news` VALUES (10, 4, '群体免疫绝非法国选择 国际合作至关重要', '马克龙13日电视讲话视频截图，字幕内容是：“根据最新血清检测筛查，法国仅有很小一部分人感染新冠病毒，与一些专家提出的群体免疫相距甚远”。图片来源：马克龙推特发布视频', '疫情,新冠病毒,免疫,国际', '/resources/upload/1586962341204.jpeg', '环球网', '<p><img class=\"normal\" width=\"400px\" src=\"/resources/upload/image/20200415/1586962332398039746.jpg\"/></p><p style=\"white-space: normal; margin-top: 26px; margin-bottom: 0px; padding: 0px; line-height: 24px; color: rgb(51, 51, 51); text-align: justify; font-family: arial; background-color: rgb(255, 255, 255);\"><span class=\"bjh-p\" style=\"display: block;\">图为马克龙13日电视讲话视频截图，字幕内容是：“根据最新血清检测筛查，法国仅有很小一部分人感染新冠病毒，与一些专家提出的群体免疫相距甚远”。图片来源：马克龙推特发布视频</span></p><p style=\"white-space: normal; margin-top: 22px; margin-bottom: 0px; padding: 0px; line-height: 24px; color: rgb(51, 51, 51); text-align: justify; font-family: arial; background-color: rgb(255, 255, 255);\"><span class=\"bjh-p\" style=\"display: block;\">国际战“疫”行动</span></p><p style=\"white-space: normal; margin-top: 22px; margin-bottom: 0px; padding: 0px; line-height: 24px; color: rgb(51, 51, 51); text-align: justify; font-family: arial; background-color: rgb(255, 255, 255);\"><span class=\"bjh-p\" style=\"display: block;\">4月13日，法国全国范围实施禁足已接近一个月，约15000人因新冠肺炎病逝。法国总统马克龙当日再次发表全国电视讲话，宣布禁足措施延至5月11日，届时将对所有出现症状者开展检测，由国家承担费用对确诊者实施治疗和隔离，并开始审慎地逐步“解封”。</span></p><p style=\"white-space: normal; margin-top: 22px; margin-bottom: 0px; padding: 0px; line-height: 24px; color: rgb(51, 51, 51); text-align: justify; font-family: arial; background-color: rgb(255, 255, 255);\"><span class=\"bjh-p\" style=\"display: block;\">法国是欧洲新冠肺炎疫情重灾区，作为欧盟大国，其抗疫策略备受关注。法国如何看待群体免疫、病毒溯源、国际合作等各方关切问题，科技日报记者就此采访法国国家公共卫生委员会主席、法国国家医学科学院院士多米尼克·伯特兰。</span></p><p style=\"white-space: normal; margin-top: 22px; margin-bottom: 0px; padding: 0px; line-height: 24px; color: rgb(51, 51, 51); text-align: justify; font-family: arial; background-color: rgb(255, 255, 255);\"><span class=\"bjh-p\" style=\"display: block;\">“群体免疫不切实际”</span></p><p style=\"white-space: normal; margin-top: 22px; margin-bottom: 0px; padding: 0px; line-height: 24px; color: rgb(51, 51, 51); text-align: justify; font-family: arial; background-color: rgb(255, 255, 255);\"><span class=\"bjh-p\" style=\"display: block;\">伯特兰对记者表示，法国最新的抗疫思路和中国已经非常相近，法国根据中国的抗疫经验很快采取了全国禁足措施，但隔离的时间不可能一直持续下去。法国未来将逐步让一部分人回归工作岗位，但这并不等于是被动的群体免疫策略。</span></p><p style=\"white-space: normal; margin-top: 22px; margin-bottom: 0px; padding: 0px; line-height: 24px; color: rgb(51, 51, 51); text-align: justify; font-family: arial; background-color: rgb(255, 255, 255);\"><span class=\"bjh-p\" style=\"display: block;\">“需要强调的是，群体免疫是不切实际的，这绝不是法国的选择。目前还不清楚抗体持续的时间和效果，隔离措施是必要的，但在全国隔离期间保证社会运转和民众基本需求的专业活动也是不可或缺的。长时间保持隔离和维护社会运行是一项挑战。”</span></p><p style=\"white-space: normal; margin-top: 22px; margin-bottom: 0px; padding: 0px; line-height: 24px; color: rgb(51, 51, 51); text-align: justify; font-family: arial; background-color: rgb(255, 255, 255);\"><span class=\"bjh-p\" style=\"display: block;\">马克龙在最新讲话中表示，“根据最新血清检测筛查，法国仅有很小一部分人感染新冠病毒，与群体免疫相距甚远，疫苗研发将是走出危机的重中之重。”马克龙还彻底改变了此前卫生部门提出的“口罩无用论”，决定在逐步解封时为全民提供口罩，并可能对公共交通乘客施行强制佩戴口罩措施。</span></p><p style=\"white-space: normal; margin-top: 22px; margin-bottom: 0px; padding: 0px; line-height: 24px; color: rgb(51, 51, 51); text-align: justify; font-family: arial; background-color: rgb(255, 255, 255);\"><span class=\"bjh-p\" style=\"display: block;\">对于未来法国或中国会不会再次暴发疫情，伯特兰院士表示，“希望不会有第二波冲击，各国要通过科研尽全力避免这一情况发生。要利用所有科研成果，包括研发有效的治疗方法，尤为关键的是找到好的病毒抗体，将其转化为对所有人持续有效的疫苗。中法等国都在全力开展疫苗研发，尽管还需要一定时间，但我们必须找到可用于全人类的解决方案。”</span></p><p style=\"white-space: normal; margin-top: 22px; margin-bottom: 0px; padding: 0px; line-height: 24px; color: rgb(51, 51, 51); text-align: justify; font-family: arial; background-color: rgb(255, 255, 255);\"><span class=\"bjh-p\" style=\"display: block;\">着眼未来而非过去</span></p><p style=\"white-space: normal; margin-top: 22px; margin-bottom: 0px; padding: 0px; line-height: 24px; color: rgb(51, 51, 51); text-align: justify; font-family: arial; background-color: rgb(255, 255, 255);\"><span class=\"bjh-p\" style=\"display: block;\">针对近期攻击中国的负面言论，伯特兰表示，“当一个国家出现新型疫病，将首当其冲面临所有困难。开始阶段很可能无法识别疾病扩散的可能性和严重性，只有过一段时间才会显现出令人担忧的迹象。疫情可能控制在本地或一定区域，也可能扩散，但很难判断是否会扩展至全球。风险评估不是易事，有很多未知和假定因素。中国在抗击疫情方面取得了显著成果。任何国家都无需对新健康问题的出现而负责。”</span></p><p style=\"white-space: normal; margin-top: 22px; margin-bottom: 0px; padding: 0px; line-height: 24px; color: rgb(51, 51, 51); text-align: justify; font-family: arial; background-color: rgb(255, 255, 255);\"><span class=\"bjh-p\" style=\"display: block;\">伯特兰认为，“病毒溯源工作需要在之后开展，而不是眼下。”在疫情平息后，需要由包括中国专家在内的各国科学家共同探究病毒的起源。但相对于溯源，更重要的是着眼未来。“新冠肺炎疫情发生之后，人类还将不断面临其他新的健康挑战，各国需要开展高质量的合作为应对新型传染病做好准备，需要建立更有效的机制。”</span></p><p style=\"white-space: normal; margin-top: 22px; margin-bottom: 0px; padding: 0px; line-height: 24px; color: rgb(51, 51, 51); text-align: justify; font-family: arial; background-color: rgb(255, 255, 255);\"><span class=\"bjh-p\" style=\"display: block;\">期待更多国际合作</span></p><p style=\"white-space: normal; margin-top: 22px; margin-bottom: 0px; padding: 0px; line-height: 24px; color: rgb(51, 51, 51); text-align: justify; font-family: arial; background-color: rgb(255, 255, 255);\"><span class=\"bjh-p\" style=\"display: block;\">伯特兰表示，在短短几个月内，围绕新冠肺炎疫情的国际合作已经取得了可观进展，但这些工作尚不足以应对艰巨的全球卫生挑战。伯特兰认为，在世界卫生组织协调下，全球可以在以下五个方面取得进展。</span></p><p style=\"white-space: normal; margin-top: 22px; margin-bottom: 0px; padding: 0px; line-height: 24px; color: rgb(51, 51, 51); text-align: justify; font-family: arial; background-color: rgb(255, 255, 255);\"><span class=\"bjh-p\" style=\"display: block;\">一是寻求有效的治疗方法，尤其要用于两个关键时期：出现症状的初始阶段，以及呼吸困难、炎症加剧的重症阶段。所有国家的贡献都必须得到国际社会的认可，包括发表学术文章和科学家间的交流。</span></p><p style=\"white-space: normal; margin-top: 22px; margin-bottom: 0px; padding: 0px; line-height: 24px; color: rgb(51, 51, 51); text-align: justify; font-family: arial; background-color: rgb(255, 255, 255);\"><span class=\"bjh-p\" style=\"display: block;\">二是禁足和隔离措施已得到大多数国家采纳和实施，但有极少数国家选择强制性较小的策略。在危机结束时，必须对隔离措施及其在人群中的应用进行比较研究。</span></p><p style=\"white-space: normal; margin-top: 22px; margin-bottom: 0px; padding: 0px; line-height: 24px; color: rgb(51, 51, 51); text-align: justify; font-family: arial; background-color: rgb(255, 255, 255);\"><span class=\"bjh-p\" style=\"display: block;\">三是研究中国等亚洲国家整体上患者较少的原因，如是否有遗传因素、是否因为民众对隔离措施的执行有差异等，了解这些原因至关重要。</span></p><p style=\"white-space: normal; margin-top: 22px; margin-bottom: 0px; padding: 0px; line-height: 24px; color: rgb(51, 51, 51); text-align: justify; font-family: arial; background-color: rgb(255, 255, 255);\"><span class=\"bjh-p\" style=\"display: block;\">四是研制性能更佳的血清抗体试剂用于病毒检测，研究抗体的保护水平和持续时间。</span></p><p style=\"white-space: normal; margin-top: 22px; margin-bottom: 0px; padding: 0px; line-height: 24px; color: rgb(51, 51, 51); text-align: justify; font-family: arial; background-color: rgb(255, 255, 255);\"><span class=\"bjh-p\" style=\"display: block;\">五是密切关注外来输入病例和本土留存病例。</span></p><p style=\"white-space: normal; margin-top: 22px; margin-bottom: 0px; padding: 0px; line-height: 24px; color: rgb(51, 51, 51); text-align: justify; font-family: arial; background-color: rgb(255, 255, 255);\"><span class=\"bjh-p\" style=\"display: block;\">伯特兰表示，国际合作对于实现科学成果和知识的共享至关重要。有必要建立国际性集体机制，用于评估今后新型健康危机可能的后果，并与各国专家共同提出最佳应对方案。</span></p>', 0, 0, '2020-04-15 22:52:34');
INSERT INTO `news` VALUES (11, 4, '由于COVID-19疫情 印度空军首批“阵风”战机将延后三个月抵达', '据《印度报》报道，由于COVID-19冠状病毒疫情，印度空军订购的法国“阵风”战斗机首批交付可能会推迟约三个月的时间。', 'COVID-19,疫情,印度,国际', '/resources/upload/1586962445404.jpeg', 'hawk26讲武堂', '<p style=\"white-space: normal; margin-top: 0px; margin-bottom: 0px; padding: 0px; line-height: 24px; color: rgb(51, 51, 51); text-align: justify; font-family: arial; background-color: rgb(255, 255, 255);\"><span class=\"bjh-p\" style=\"display: block;\">据《印度报》报道，由于COVID-19冠状病毒疫情，印度空军订购的法国“阵风”战斗机首批交付可能会推迟约三个月的时间。</span></p><p><img class=\"large\" src=\"/resources/upload/image/20200415/1586962441129030846.jpg\"/></p><p style=\"white-space: normal; margin-top: 26px; margin-bottom: 0px; padding: 0px; line-height: 24px; color: rgb(51, 51, 51); text-align: justify; font-family: arial; background-color: rgb(255, 255, 255);\"><span class=\"bjh-p\" style=\"display: block;\">据消息人士表示，原定于4月初运抵印度安巴拉空军基地用于测试和维护的设备，由于印度对国际航班的限制而被推迟。因此法国方面的技术人员抵达印度的时间，可能会推迟8～9周。</span></p><p><img class=\"large\" src=\"/resources/upload/image/20200415/1586962441223044083.jpg\"/></p><p style=\"white-space: normal; margin-top: 26px; margin-bottom: 0px; padding: 0px; line-height: 24px; color: rgb(51, 51, 51); text-align: justify; font-family: arial; background-color: rgb(255, 255, 255);\"><span class=\"bjh-p\" style=\"display: block;\">由于COVID-19疫情的严重性，预计法国的检疫措施会持续到4月底。《印度报》表示，显然这次交付会受到相应的延误。</span></p><p><img class=\"large\" src=\"/resources/upload/image/20200415/1586962441334084971.jpg\"/></p><p style=\"white-space: normal; margin-top: 26px; margin-bottom: 0px; padding: 0px; line-height: 24px; color: rgb(51, 51, 51); text-align: justify; font-family: arial; background-color: rgb(255, 255, 255);\"><span class=\"bjh-p\" style=\"display: block;\">《印度报》同时表示，考虑到法国的检疫工作，以及印度对从欧洲起飞的航班进行的限制，只能希望在7月看到第一架“阵风”战斗机抵达印度。</span></p><p><img class=\"large\" src=\"/resources/upload/image/20200415/1586962441362037203.jpg\"/></p><p style=\"white-space: normal; margin-top: 26px; margin-bottom: 0px; padding: 0px; line-height: 24px; color: rgb(51, 51, 51); text-align: justify; font-family: arial; background-color: rgb(255, 255, 255);\"><span class=\"bjh-p\" style=\"display: block;\">2016年9月23日，印度与法国签署政府间协议，采购36架达索“阵风”战斗机，合同总金额达到87亿美元。</span></p><p><img class=\"large\" src=\"/resources/upload/image/20200415/1586962441439098943.jpg\"/></p><p style=\"white-space: normal; margin-top: 26px; margin-bottom: 0px; padding: 0px; line-height: 24px; color: rgb(51, 51, 51); text-align: justify; font-family: arial; background-color: rgb(255, 255, 255);\"><span class=\"bjh-p\" style=\"display: block;\">根据协议，法国将向印度提供28架单座型“阵风”EH战斗机（印度编号BS001～BS028），8架双座型“阵风”DH战斗机（印度编号RB001～RB028）。</span></p><p><img class=\"large\" src=\"/resources/upload/image/20200415/1586962441507006508.jpg\"/></p><p style=\"white-space: normal; margin-top: 26px; margin-bottom: 0px; padding: 0px; line-height: 24px; color: rgb(51, 51, 51); text-align: justify; font-family: arial; background-color: rgb(255, 255, 255);\"><span class=\"bjh-p\" style=\"display: block;\">印度空军计划2020年4月接收首批4架“阵风”战斗机，并于5月飞抵印度。这批法国战机将装备2019年9月在安巴拉空军基地重建的第17中队，2021年2月该中队将装备18架“阵风”战机。</span></p><p><img class=\"large\" src=\"/resources/upload/image/20200415/1586962441525024787.jpg\"/></p><p style=\"white-space: normal; margin-top: 26px; margin-bottom: 0px; padding: 0px; line-height: 24px; color: rgb(51, 51, 51); text-align: justify; font-family: arial; background-color: rgb(255, 255, 255);\"><span class=\"bjh-p\" style=\"display: block;\">随后接收的“阵风”战机将部署在哈希姆拉空军基地的一个战斗机中队。</span></p>', 0, 0, '2020-04-15 22:54:20');
INSERT INTO `news` VALUES (12, 5, '星空之下，战鹰起航', '星云朦胧，万籁静寂。渤海湾畔某机场战鹰列阵，停机坪上灯火通明，保障官兵各司其职、紧张有序。“起飞！”随着指挥员一声令下，海军航空大学某团数架战机如离弦之箭刺破如墨夜色，拉开夜航训练战幕。', '战鹰,战机,军事', '/resources/upload/1586962768960.jpeg', '解放军新闻传播中心', '<p style=\"white-space: normal; margin-top: 0px; margin-bottom: 0px; padding: 0px; line-height: 24px; color: rgb(51, 51, 51); text-align: justify; font-family: arial; background-color: rgb(255, 255, 255);\"><span class=\"bjh-p\" style=\"display: block;\">星云朦胧，万籁静寂。渤海湾畔某机场战鹰列阵，停机坪上灯火通明，保障官兵各司其职、紧张有序。“起飞！”随着指挥员一声令下，海军航空大学某团数架战机如离弦之箭刺破如墨夜色，拉开夜航训练战幕。</span></p><p><img class=\"large\" src=\"/resources/upload/image/20200415/1586962630550076782.jpg\"/></p><p><img class=\"large\" src=\"/resources/upload/image/20200415/1586962630640082435.jpg\"/></p><p style=\"white-space: normal; margin-top: 26px; margin-bottom: 0px; padding: 0px; line-height: 24px; color: rgb(51, 51, 51); text-align: justify; font-family: arial; background-color: rgb(255, 255, 255);\"><span class=\"bjh-p\" style=\"display: block;\">该团党委坚持实战实训、按纲施训、从严治训。他们召开议训会专题研究部署训练任务，结合夜航训练特点，制定多项特情处置预案和规范措施，打牢夜航训练空中和地面安全基础，强力推进舰载战斗机飞行人才实战化训练进程。</span></p><p><img class=\"large\" src=\"/resources/upload/image/20200415/1586962630714020301.jpg\"/></p><p><img class=\"large\" src=\"/resources/upload/image/20200415/1586962630810088742.jpg\"/></p><p style=\"white-space: normal; margin-top: 26px; margin-bottom: 0px; padding: 0px; line-height: 24px; color: rgb(51, 51, 51); text-align: justify; font-family: arial; background-color: rgb(255, 255, 255);\"><span class=\"bjh-p\" style=\"display: block;\">针对夜间能见度低、参照物少、特情处置难度大等重点、难点问题，他们积极进行风险管控和技术研究，组织参训人员进行理论考试、座舱实习、模拟训练，将影响飞行安全的问题解决在地面。政工干部严格落实摸底把关各项要求，确保政治工作在战训任务中跟得上、贴得紧、融得进。</span></p><p><img class=\"large\" src=\"/resources/upload/image/20200415/1586962630920057857.jpg\"/></p><p><img class=\"large\" src=\"/resources/upload/image/20200415/1586962630940083762.jpg\"/></p><p style=\"white-space: normal; margin-top: 26px; margin-bottom: 0px; padding: 0px; line-height: 24px; color: rgb(51, 51, 51); text-align: justify; font-family: arial; background-color: rgb(255, 255, 255);\"><span class=\"bjh-p\" style=\"display: block;\">夜航首飞，教官先行。飞行教官孙宝嵩、王勇率先完成第一批次夜航训练，默契的编队配合、熟练的操作，为学员们增强信心，做好榜样、立起标杆。</span></p><p><img class=\"large\" src=\"/resources/upload/image/20200415/1586962631019025628.jpg\"/><span class=\"bjh-image-caption\" style=\"font-size: 13px; color: rgb(153, 153, 153); display: block; margin-top: 11px; text-align: center;\">▲机务官兵闻令而动，精细保障飞机出动</span></p><p><img class=\"large\" src=\"/resources/upload/image/20200415/1586962631140018153.jpg\"/></p><p style=\"white-space: normal; margin-top: 26px; margin-bottom: 0px; padding: 0px; line-height: 24px; color: rgb(51, 51, 51); text-align: justify; font-family: arial; background-color: rgb(255, 255, 255);\"><span class=\"bjh-p\" style=\"display: block;\">机务官兵在黑夜中穿梭，在机腹下苦干，以平凡之力托举千钧重任，为舰载雄鹰保驾护航。他们加强对航电仪表、照明设备、发动机等重点部位检查力度，以“绝不放过一滴油迹、一声异响、一丝裂纹”的实际行动践行“我的岗位无差错，我的飞机请放心”的承诺。</span></p><p><img class=\"large\" src=\"/resources/upload/image/20200415/1586962631202020821.jpg\"/></p><p><img class=\"large\" src=\"/resources/upload/image/20200415/1586962631224086359.jpg\"/></p><p style=\"white-space: normal; margin-top: 26px; margin-bottom: 0px; padding: 0px; line-height: 24px; color: rgb(51, 51, 51); text-align: justify; font-family: arial; background-color: rgb(255, 255, 255);\"><span class=\"bjh-p\" style=\"display: block;\">随着最后一架战鹰平稳着陆，训练圆满结束。“向每一滴燃油要战斗力，用每一次精准操作回答胜战之问。”走下战机，飞行教官曹先建告诉记者：“夜间飞行对飞行员来说既是‘拦路虎’，更是‘磨刀石’，增加了飞行训练的‘含战量’。”</span></p>', 0, 0, '2020-04-15 22:57:28');
INSERT INTO `news` VALUES (13, 5, '美军驻扎韩国后第一次 4000多名韩国工人被放无薪假', '因韩美“保护费”没谈妥，从今天(4月1日)起，约4000名驻韩美军基地的韩籍工人被放无薪假。韩国《东亚日报》称，这种情况，是美军驻扎韩国后首次出现。报道指责美军拿韩国工人当“人质”，会对同盟关系造成负面影响。韩联社称，韩国政府拟制定特别法，为相关工人提供援助。', '美军,美国,韩国,军事', '/resources/upload/1586962751179.jpeg', '环球网', '<p><img class=\"normal\" width=\"500px\" src=\"/resources/upload/image/20200415/1586962734209067656.jpg\"/></p><p style=\"white-space: normal; margin-top: 26px; margin-bottom: 0px; padding: 0px; line-height: 24px; color: rgb(51, 51, 51); text-align: justify; font-family: arial; background-color: rgb(255, 255, 255);\"><span class=\"bjh-p\" style=\"display: block;\">【海外网4月1日编译报道 】因韩美“保护费”没谈妥，从今天(4月1日)起，约4000名驻韩美军基地的韩籍工人被放无薪假。韩国《东亚日报》称，这种情况，是美军驻扎韩国后首次出现。报道指责美军拿韩国工人当“人质”，会对同盟关系造成负面影响。韩联社称，韩国政府拟制定特别法，为相关工人提供援助。</span></p><p style=\"white-space: normal; margin-top: 22px; margin-bottom: 0px; padding: 0px; line-height: 24px; color: rgb(51, 51, 51); text-align: justify; font-family: arial; background-color: rgb(255, 255, 255);\"><span class=\"bjh-p\" style=\"display: block;\">美国自1953年以来在韩国驻军，现有大约2.85万人。从2019年9月起，韩美开始谈判，旨在签署第11份防卫费协定，但双方对分摊额的分歧巨大，“保护费”迟迟未能谈妥。</span></p><p><img class=\"large\" src=\"/resources/upload/image/20200415/1586962734296051652.jpg\"/></p><p style=\"white-space: normal; margin-top: 26px; margin-bottom: 0px; padding: 0px; line-height: 24px; color: rgb(51, 51, 51); text-align: justify; font-family: arial; background-color: rgb(255, 255, 255);\"><span class=\"bjh-p\" style=\"display: block;\">目前，驻韩美军基地中，共有8600名韩籍工人。其中约4000人，就成了驻韩美军“泄愤”的牺牲品，被列入无薪休假对象。</span></p><p style=\"white-space: normal; margin-top: 22px; margin-bottom: 0px; padding: 0px; line-height: 24px; color: rgb(51, 51, 51); text-align: justify; font-family: arial; background-color: rgb(255, 255, 255);\"><span class=\"bjh-p\" style=\"display: block;\">据韩联社报道，3月31日，韩国外交部韩美防卫费分担谈判大使郑恩甫说，他当天接到驻韩美军司令部通知，称美方将按照原计划，从4月1日起对部分美军韩籍工人实施无薪休假。</span></p><p><img class=\"normal\" width=\"500px\" src=\"/resources/upload/image/20200415/1586962734372064436.jpg\"/></p><p style=\"white-space: normal; margin-top: 26px; margin-bottom: 0px; padding: 0px; line-height: 24px; color: rgb(51, 51, 51); text-align: justify; font-family: arial; background-color: rgb(255, 255, 255);\"><span class=\"bjh-p\" style=\"display: block;\">郑恩甫强调，此举未能合理反映两国协商情况，对此表示遗憾，他敦促美方采取措施，帮助韩籍工人早日返岗，并向相关工人及其家属致以慰问和歉意。他说，韩美始终保持紧密协商，已在很大程度上达成一致，进入谈判收尾阶段，期待双方能在不久后达成最终协议。</span></p><p style=\"white-space: normal; margin-top: 22px; margin-bottom: 0px; padding: 0px; line-height: 24px; color: rgb(51, 51, 51); text-align: justify; font-family: arial; background-color: rgb(255, 255, 255);\"><span class=\"bjh-p\" style=\"display: block;\">据海外网早前报道，2019年年底，在防务费谈判过程中，美方狮子大开口，要求韩方每年承担将近50亿美元，是此前的5倍多，引发韩国舆论不满。许多民众走上街头，抗议美方天价“保护费”。</span></p><p><img class=\"large\" src=\"/resources/upload/image/20200415/1586962734413011181.jpg\"/></p><p style=\"white-space: normal; margin-top: 26px; margin-bottom: 0px; padding: 0px; line-height: 24px; color: rgb(51, 51, 51); text-align: justify; font-family: arial; background-color: rgb(255, 255, 255);\"><span class=\"bjh-p\" style=\"display: block;\">2019年11月30日，韩国首尔举行“2019全国民众大会”，50多个市民团体的2万多名成员参加。示威者提出多项诉求，其中就包括反对美方上涨“保护费”。当天，部分民众来到美国大使馆前，手举“反对美国”的巨大标语，高呼口号抗议。有人当街撕毁星条旗，有人朝美国大使馆院里扔鞋，还有人在青瓦台附近举火把抗议。</span></p>', 0, 0, '2020-04-15 22:59:18');
INSERT INTO `news` VALUES (14, 6, '此矿产比稀土还值钱！我国储量全球第一，价值高达上千亿美元！', '众所周知，随着各国的经济不断发展，目前全球所需要的能源和矿产资源也越来越多，尤其是其中的稀土等资源就是如此。了解过稀土的人都知道，其可以运用在众多的领域，现如今很多军事武器装备的研发和建造度离不开稀土的参与。', '矿产,储量,财经', '/resources/upload/1586962882316.jpeg', '迷彩前沿', '<p style=\"white-space: normal; margin-top: 22px; margin-bottom: 0px; padding: 0px; line-height: 24px; color: rgb(51, 51, 51); text-align: justify; font-family: arial; background-color: rgb(255, 255, 255);\"><span class=\"bjh-p\" style=\"display: block;\">众所周知，随着各国的经济不断发展，目前全球所需要的能源和矿产资源也越来越多，尤其是其中的稀土等资源就是如此。了解过稀土的人都知道，其可以运用在众多的领域，现如今很多军事武器装备的研发和建造度离不开稀土的参与。</span></p><p><img class=\"large\" src=\"/resources/upload/image/20200415/1586962873104082382.jpg\"/></p><p style=\"white-space: normal; margin-top: 26px; margin-bottom: 0px; padding: 0px; line-height: 24px; color: rgb(51, 51, 51); text-align: justify; font-family: arial; background-color: rgb(255, 255, 255);\"><span class=\"bjh-p\" style=\"display: block;\">而一旦没有稀土，各国的军事武器装备将会影响极大。而这也使得稀土非常珍贵和值钱，然而大家不知道的是，除了稀土以外，世界上还有一种矿产资源比稀土更值钱，其就是金属铍，为何说其比稀土更值钱呢？</span></p><p><img class=\"large\" src=\"/resources/upload/image/20200415/1586962873237091825.jpg\"/></p><p style=\"white-space: normal; margin-top: 26px; margin-bottom: 0px; padding: 0px; line-height: 24px; color: rgb(51, 51, 51); text-align: justify; font-family: arial; background-color: rgb(255, 255, 255);\"><span class=\"bjh-p\" style=\"display: block;\">主要原因是其开采技术难度非常高，而且其储量非常少，对于军事领域的作用极大，可以应用在航天、核试验等领域。除此之外，其中的部分材料还可以成为我国鱼雷的关键材料，由此可见其军事价值之高。</span></p><p><img class=\"large\" src=\"/resources/upload/image/20200415/1586962873254087347.jpg\"/></p><p style=\"white-space: normal; margin-top: 26px; margin-bottom: 0px; padding: 0px; line-height: 24px; color: rgb(51, 51, 51); text-align: justify; font-family: arial; background-color: rgb(255, 255, 255);\"><span class=\"bjh-p\" style=\"display: block;\">而现如今，世界上金属铍的储量多分布于中美以及哈萨克斯坦，而在之前，我国在新疆地区又发现了特大的金属铍矿床。据勘探，其储量高达4183吨，位居世界第一，据估算，其价值将高达上千亿美元，这对于我国未来的其它军事武器研发有着极大的意义。</span></p><p><img class=\"large\" src=\"/resources/upload/image/20200415/1586962873269050977.jpg\"/></p><p style=\"white-space: normal; margin-top: 26px; margin-bottom: 0px; padding: 0px; line-height: 24px; color: rgb(51, 51, 51); text-align: justify; font-family: arial; background-color: rgb(255, 255, 255);\"><span class=\"bjh-p\" style=\"display: block;\">甚至还可以提高我国在金属铍的话语权，对中国的意义可想而知。不过其是属于比较珍贵的矿场，开采难度极高，其在提炼技术方面也非常复杂，所以其他国家即使拥有这种矿产资源，也没有几个国家能够运用。</span></p>', 0, 0, '2020-04-15 23:01:32');
INSERT INTO `news` VALUES (15, 6, '沪指微幅低开0.02% RCS概念股回调明显', '中新经纬客户端4月15日电 周三(15日),沪指微幅低开0.02%,报2826.66点;深成指报10468.46点,跌幅0.07%;创业板指报1991.60点,涨幅0.31%。', '沪,RCS,财经', '/resources/upload/1586963008948.jpeg', '中国经济网', '<p style=\"white-space: normal; margin-top: 0px; margin-bottom: 0px; padding: 0px; line-height: 24px; color: rgb(51, 51, 51); text-align: justify; font-family: arial; background-color: rgb(255, 255, 255);\"><span class=\"bjh-p\" style=\"display: block;\">中新经纬客户端4月15日电 周三(15日),沪指微幅低开0.02%,报2826.66点;深成指报10468.46点,跌幅0.07%;创业板指报1991.60点,涨幅0.31%。</span></p><p><img class=\"large\" src=\"/resources/upload/image/20200415/1586962988102046656.jpg\"/></p><p style=\"white-space: normal; margin-top: 26px; margin-bottom: 0px; padding: 0px; line-height: 24px; color: rgb(51, 51, 51); text-align: justify; font-family: arial; background-color: rgb(255, 255, 255);\"><span class=\"bjh-p\" style=\"display: block;\">沪深大盘开盘表现 来源:Wind</span></p><p style=\"white-space: normal; margin-top: 22px; margin-bottom: 0px; padding: 0px; line-height: 24px; color: rgb(51, 51, 51); text-align: justify; font-family: arial; background-color: rgb(255, 255, 255);\"><span class=\"bjh-p\" style=\"display: block;\">盘面上,动物保健、营销传播、电源设备、中药、计算机设备等板块领涨;白色家电、医疗服务、通信运营、饲料、种植业等板块跌幅居前。概念股方面,无人银行、数字货币、电子发票、3D玻璃等涨幅居前;RCS富媒体通信、生态农业、棉花、白糖等跌幅居前。</span></p><p style=\"white-space: normal; margin-top: 22px; margin-bottom: 0px; padding: 0px; line-height: 24px; color: rgb(51, 51, 51); text-align: justify; font-family: arial; background-color: rgb(255, 255, 255);\"><span class=\"bjh-p\" style=\"display: block;\">个股方面,1527只个股上涨,其中美尔雅、美利云、常铝股份等43只个股上涨幅度超过5%。1645只个股下跌,其中金健米业、卫星石化、广州浪奇等13只个股下跌幅度超过5%。</span></p><p style=\"white-space: normal; margin-top: 22px; margin-bottom: 0px; padding: 0px; line-height: 24px; color: rgb(51, 51, 51); text-align: justify; font-family: arial; background-color: rgb(255, 255, 255);\"><span class=\"bjh-p\" style=\"display: block;\">从沪深港通南北资金流向看,截至发稿,北向资金净流入4.07亿元,其中沪股通净流入2.02亿元,当日资金余额为517.98亿元,深股通净流入2.05亿元,当日资金余额为517.95亿元;南向资金净流入11.42亿元,其中沪港通净流入10.62亿元,当日资金余额为409.38亿元,深港通净流入0.8亿元,当日资金余额为419.2亿元。</span></p><p style=\"white-space: normal; margin-top: 22px; margin-bottom: 0px; padding: 0px; line-height: 24px; color: rgb(51, 51, 51); text-align: justify; font-family: arial; background-color: rgb(255, 255, 255);\"><span class=\"bjh-p\" style=\"display: block;\">消息面上来看,今日,年内第三次降准开始实施,这距离3月实施的普惠金融定向降准不到1个月时间。</span></p><p style=\"white-space: normal; margin-top: 22px; margin-bottom: 0px; padding: 0px; line-height: 24px; color: rgb(51, 51, 51); text-align: justify; font-family: arial; background-color: rgb(255, 255, 255);\"><span class=\"bjh-p\" style=\"display: block;\">此前在4月3日,央行宣布,对农村信用社、农村商业银行、农村合作银行、村镇银行和仅在省级行政区域内经营的城市商业银行定向下调存款准备金率1个百分点,于4月15日和5月15日分两次实施到位,每次下调0.5个百分点。</span></p><p style=\"white-space: normal; margin-top: 22px; margin-bottom: 0px; padding: 0px; line-height: 24px; color: rgb(51, 51, 51); text-align: justify; font-family: arial; background-color: rgb(255, 255, 255);\"><span class=\"bjh-p\" style=\"display: block;\">央行有关负责人对此表示,此次定向降准可释放长期资金约4000亿元,平均每家中小银行可获得长期资金约1亿元,还可降低银行资金成本每年约60亿元。</span></p><p style=\"white-space: normal; margin-top: 22px; margin-bottom: 0px; padding: 0px; line-height: 24px; color: rgb(51, 51, 51); text-align: justify; font-family: arial; background-color: rgb(255, 255, 255);\"><span class=\"bjh-p\" style=\"display: block;\">上一交易日,北向资金全天大幅净流入142.29亿元,净流入额度为全年第二高;其中深股通净流入95.07亿元,刷新2019年11月以来新高。</span></p><p style=\"white-space: normal; margin-top: 22px; margin-bottom: 0px; padding: 0px; line-height: 24px; color: rgb(51, 51, 51); text-align: justify; font-family: arial; background-color: rgb(255, 255, 255);\"><span class=\"bjh-p\" style=\"display: block;\">安信证券首席策略分析师陈果表示,从目前的情况来看,若无意外情况发生,A股市场应该来到了一个底部区间,因为无论是估值水平,还是风险溢价水平,A股市场都处于一个合理偏低的位置,而货币和制度又处于一个偏宽松的预期当中。在这样一种环境之下,市场再度大幅暴跌的可能性其实不大。</span></p>', 0, 0, '2020-04-15 23:03:34');
INSERT INTO `news` VALUES (16, 7, '21亿！科比+詹皇+梅西总资产没乔丹多，篮球之神的影响力有多大？', '据福布斯最新统计，乔丹2020年4月份的个人资产达到21亿美元，堪称体坛吸金王。在这项数据上，科比（5亿）、詹姆斯（4.8亿）、梅西（4亿）的总和都没有乔丹多。', '科比,詹皇,梅西,乔丹,体育', '/resources/upload/1586963226883.jpeg', '篮球过人技巧', '<p style=\"white-space: normal; margin-top: 0px; margin-bottom: 0px; padding: 0px; line-height: 24px; color: rgb(51, 51, 51); text-align: justify; font-family: arial; background-color: rgb(255, 255, 255);\"><span class=\"bjh-p\" style=\"display: block;\">据福布斯最新统计，乔丹2020年4月份的个人资产达到21亿美元，堪称体坛吸金王。在这项数据上，科比（5亿）、詹姆斯（4.8亿）、梅西（4亿）的总和都没有乔丹多。</span></p><p><img class=\"large\" src=\"/resources/upload/image/20200415/1586963200902036210.jpg\"/></p><p style=\"white-space: normal; margin-top: 26px; margin-bottom: 0px; padding: 0px; line-height: 24px; color: rgb(51, 51, 51); text-align: justify; font-family: arial; background-color: rgb(255, 255, 255);\"><span class=\"bjh-p\" style=\"display: block;\">毫无疑问，乔丹就是篮球历史第一人，对于这一点所有的篮球迷都不有什么疑问。在球场上乔丹几乎就是无所不能的存在，他创造的诸多纪录如十个得分王，两个三连冠等都是无法打破的。而球场外的乔丹影响力更是毋庸置疑，正是因为乔丹的存在NBA才能真正走向世界。今天我们就看看乔丹那无与伦比的影响力。</span></p><p><img class=\"large\" src=\"/resources/upload/image/20200415/1586963200993098811.jpg\"/></p><p style=\"white-space: normal; margin-top: 26px; margin-bottom: 0px; padding: 0px; line-height: 24px; color: rgb(51, 51, 51); text-align: justify; font-family: arial; background-color: rgb(255, 255, 255);\"><span class=\"bjh-p\" style=\"display: block;\">在1993年乔丹第一次退役的时候可以说整个美国都为之震惊，这都不仅是公牛市值下滑，上座率减半的问题了，甚至美国股市都因为乔丹的退役直跌230点，耐克更是因此资产缩水了将近5%。试问还有哪个球星能给场外造成如此之大的影响力？这也就不难理解为什么魔术师会在节目里跪求乔丹回来了，毕竟乔丹退役牵动的方方面面实在太多了。</span></p><p><img class=\"large\" src=\"/resources/upload/image/20200415/1586963201081021121.jpg\"/></p><p style=\"white-space: normal; margin-top: 26px; margin-bottom: 0px; padding: 0px; line-height: 24px; color: rgb(51, 51, 51); text-align: justify; font-family: arial; background-color: rgb(255, 255, 255);\"><span class=\"bjh-p\" style=\"display: block;\">2003年是乔丹正式退役的年份，所有球员都知道这一年的全明星也是乔丹最后一次全明星之旅了，不过这个时候乔丹的人气已经不及新时代的四大分卫，同样处于东部的麦迪、艾弗森、卡特等后起之秀都是全明星先发。结果为了让乔丹能好好享受自己最后一次全明星，三人都计划将自己的全明星先发让给乔丹，麦迪甚至计划过将自己球衣藏起来。最后还是同位置的卡特让出了自己的全明星先发位置，能让这几位超巨让位的估计也就乔丹一人了。</span></p><p><img class=\"large\" src=\"/resources/upload/image/20200415/1586963201113000609.jpg\"/></p><p style=\"white-space: normal; margin-top: 26px; margin-bottom: 0px; padding: 0px; line-height: 24px; color: rgb(51, 51, 51); text-align: justify; font-family: arial; background-color: rgb(255, 255, 255);\"><span class=\"bjh-p\" style=\"display: block;\">在球场上最常见的一幕就是球员与裁判争论了，不过几乎没有裁判会因为球员的因素改判过，仅有的一次就是乔丹。乔丹在奇才时期有一次告诉裁判对手有打手的嫌疑，而裁判则二话不说立马就判罚了对方犯规。看来乔丹的影响力着实覆盖了整个NBA，就连裁判都对乔丹的判断深信不疑。</span></p><p><img class=\"large\" src=\"/resources/upload/image/20200415/1586963201217038575.jpg\"/></p><p style=\"white-space: normal; margin-top: 26px; margin-bottom: 0px; padding: 0px; line-height: 24px; color: rgb(51, 51, 51); text-align: justify; font-family: arial; background-color: rgb(255, 255, 255);\"><span class=\"bjh-p\" style=\"display: block;\">在NBA里球队都会给自己的功勋球员退役球衣，然而热火却退役了从未效力过球队的乔丹的球衣。要知道神算子莱利可是联盟有名的教头与总裁，他为什么会做出这个决定呢？原来自从莱利东游后，不管是在热火还是尼克斯都拿乔丹没办法，曾经四次在季后赛里被乔丹击败，这真的是被打服了。</span></p><p><img class=\"normal\" width=\"400px\" src=\"/resources/upload/image/20200415/1586963201253097360.jpg\"/></p><p style=\"white-space: normal; margin-top: 26px; margin-bottom: 0px; padding: 0px; line-height: 24px; color: rgb(51, 51, 51); text-align: justify; font-family: arial; background-color: rgb(255, 255, 255);\"><span class=\"bjh-p\" style=\"display: block;\">在1997年休赛期，尼克斯老板递给了身为自由球员的乔丹一张空白支票，意思就是只要你来工资随便你填，这样疯狂的招募便可见乔丹的影响力。不过乔丹也没有立即答应尼克斯，而是开始了跟公牛的谈判，最后双方达成了年薪3317万的天价续约合同。要知道那个时候许多球队的总薪水都没有超过3000万，乔丹的这份合同明显超出了工资帽。事实是乔丹的合同根本不用计入工资帽，这也是联盟为乔丹特批的。</span></p>', 0, 0, '2020-04-15 23:07:19');
INSERT INTO `news` VALUES (17, 7, '敦促复赛！特朗普任命14位体育高管为政府委员会委员 萧华等在列', '近日，美国总统唐特朗普（Donald Trump）将14位美国职业体育联盟高管任命为联邦政府委员会的成员，该委员会将负责为总统提供在疫情期间如何恢复商业活力的方案。', '复赛,特朗普,萧华,体育', '/resources/upload/1586963349280.jpeg', '体育大生意', '<p><img class=\"large\" src=\"/resources/upload/image/20200415/1586963342653019737.jpg\"/></p><p style=\"white-space: normal; margin-top: 26px; margin-bottom: 0px; padding: 0px; line-height: 24px; color: rgb(51, 51, 51); text-align: justify; font-family: arial; background-color: rgb(255, 255, 255);\"><span class=\"bjh-p\" style=\"display: block;\">近日，美国总统唐特朗普（Donald Trump）将14位美国职业体育联盟高管任命为联邦政府委员会的成员，该委员会将负责为总统提供在疫情期间如何恢复商业活力的方案。</span></p><p style=\"white-space: normal; margin-top: 22px; margin-bottom: 0px; padding: 0px; line-height: 24px; color: rgb(51, 51, 51); text-align: justify; font-family: arial; background-color: rgb(255, 255, 255);\"><span class=\"bjh-p\" style=\"display: block;\">被特朗普任命为委员的体育高管有：NFL总裁Roger Goodell、MLB总裁罗布-曼弗雷德（Rob Manfred）、NBA总裁亚当-萧华、NHL总裁Gary Bettman、</span></p><p style=\"white-space: normal; margin-top: 22px; margin-bottom: 0px; padding: 0px; line-height: 24px; color: rgb(51, 51, 51); text-align: justify; font-family: arial; background-color: rgb(255, 255, 255);\"><span class=\"bjh-p\" style=\"display: block;\">MLS总裁Don Garber、PGA总裁Jay Monahan, LGPA总裁Michael Whan, 美国网球协会主席 Patrick Galbraith,WWE主席 Vince McMahon, 纳斯卡副主席Lesa Kennedy, UFC总裁白大拿 、达拉斯牛仔队（NFL）的老板杰里-琼斯、达拉斯小牛队（NBA）的老板马克-库班。</span></p><p style=\"white-space: normal; margin-top: 22px; margin-bottom: 0px; padding: 0px; line-height: 24px; color: rgb(51, 51, 51); text-align: justify; font-family: arial; background-color: rgb(255, 255, 255);\"><span class=\"bjh-p\" style=\"display: block;\">上述这些委员中有不少此前都曾参加4月4日特朗普的体育界电话会议，特朗普表示他会不定期召集这些委员进行电话会议或者个人单线电话沟通。特朗普之所以将这么多体育高管纳入政府委员会，也是希望美国的体育职业联赛能够早日复赛。鉴于体育产业在美国经济中发挥着重大作用，所以特朗普心急火燎地希望体育赛事尽快复赛也在情理之中。</span></p>', 0, 0, '2020-04-15 23:09:28');
INSERT INTO `news` VALUES (18, 8, '投资14亿！上映2天票房仅6000元，《花木兰》将刘亦菲打下神坛', '刘亦菲是无数人心中的”神仙姐姐“，出道时凭借仙侠剧《仙剑奇侠传》赵灵儿一角获得了高人气与关注度，随后又武侠剧《神雕侠侣》中饰演的小龙女而声名大噪，成为了继李若彤后又一经典的”小龙女“！', '花木兰,刘亦菲,娱乐', '/resources/upload/1586963594359.jpeg', '非诚不娱', '<p style=\"white-space: normal; margin-top: 0px; margin-bottom: 0px; padding: 0px; line-height: 24px; color: rgb(51, 51, 51); text-align: justify; font-family: arial; background-color: rgb(255, 255, 255);\"><span class=\"bjh-p\" style=\"display: block;\">投资14亿！上映2天票房仅6000元，《花木兰》将刘亦菲打下神坛</span></p><p><img class=\"large\" src=\"/resources/upload/image/20200415/1586963584704048688.jpg\"/></p><p style=\"white-space: normal; margin-top: 26px; margin-bottom: 0px; padding: 0px; line-height: 24px; color: rgb(51, 51, 51); text-align: justify; font-family: arial; background-color: rgb(255, 255, 255);\"><span class=\"bjh-p\" style=\"display: block;\">刘亦菲是无数人心中的”神仙姐姐“，出道时凭借仙侠剧《仙剑奇侠传》赵灵儿一角获得了高人气与关注度，随后又武侠剧《神雕侠侣》中饰演的小龙女而声名大噪，成为了继李若彤后又一经典的”小龙女“！随后刘亦菲的事业像开挂了一样，无论电视剧还是影片 都颇受大家的欢迎，尽管时间在刘亦菲的脸上留下了痕迹，但刘亦菲却依然是大家的”仙女“，一身白衣装扮出淤泥而不染，即便是岁月也无法影响她在大家心中的地位！</span></p><p><img class=\"normal\" width=\"500px\" src=\"/resources/upload/image/20200415/1586963584734056902.jpg\"/></p><p style=\"white-space: normal; margin-top: 26px; margin-bottom: 0px; padding: 0px; line-height: 24px; color: rgb(51, 51, 51); text-align: justify; font-family: arial; background-color: rgb(255, 255, 255);\"><span class=\"bjh-p\" style=\"display: block;\">自从年初时因为疫情的缘故，无数的明星都没有了热度，可是只有刘亦菲因为《花木兰》而备受关注，如今的刘亦菲是一线女明星，每一部作品都很受欢迎，《花木兰》的 演员阵容十分强大，由刘亦菲、甄子丹领衔主演，巩俐、李连杰特别出演的真人版剧情电影，这部影片讲述了花木兰（刘亦菲）女扮男装，代父从军、勇战匈奴的故事！</span></p><p><img class=\"large\" src=\"/resources/upload/image/20200415/1586963584831078528.jpg\"/></p><p style=\"white-space: normal; margin-top: 26px; margin-bottom: 0px; padding: 0px; line-height: 24px; color: rgb(51, 51, 51); text-align: justify; font-family: arial; background-color: rgb(255, 255, 255);\"><span class=\"bjh-p\" style=\"display: block;\">这部作品耗费了14亿人民币的宏伟巨制，再加上刘亦菲和主创们在之前的宣传造势，可谓是众所期待的，可是这部作品因为疫情的缘故，从原定上月底上映而押后至7月24日上映，引起了不小的争议！在宣传期的时候，因为”限籍令“的缘故，美籍的刘亦菲引起了大家的关注，在采访时刘亦菲称自己是亚裔，引起了不少网友的疯狂怒怼，在享受着美国福利的时候，却在国内捞金，刘亦菲的言行让不少粉丝纷纷脱粉，甚至出现了抵制《花木兰》的画面！</span></p><p><img class=\"large\" src=\"/resources/upload/image/20200415/1586963584863014026.jpg\"/></p><p style=\"white-space: normal; margin-top: 26px; margin-bottom: 0px; padding: 0px; line-height: 24px; color: rgb(51, 51, 51); text-align: justify; font-family: arial; background-color: rgb(255, 255, 255);\"><span class=\"bjh-p\" style=\"display: block;\">这部耗资14亿人民币的宏伟巨制，虽然定档于7月24日在北美上映，但挪威却于上月27日在全国17间戏院如期上映，而影片开画票房公布，开画首日仅得83元美元（约650港元），开画两日的票房亦只有874美元（约6800港元），票房不似预期！可现在在挪威上映竟然票房惨淡，据说在北美试映口碑也很一般！难道这部戏注定因为各种原因命运多舛，看来大有沦为迪士尼公主系列电影的“票房毒药”的趋势啊！刘亦菲靠着这部大IP赢得不少流量和关注，但是关键还要靠作品质量说话，如果一味地只注重宣传造势，最终也可能只是雷声大雨点小，空欢喜一场！</span></p><p><img class=\"normal\" width=\"500px\" src=\"/resources/upload/image/20200415/1586963584945043746.jpg\"/></p><p style=\"white-space: normal; margin-top: 26px; margin-bottom: 0px; padding: 0px; line-height: 24px; color: rgb(51, 51, 51); text-align: justify; font-family: arial; background-color: rgb(255, 255, 255);\"><span class=\"bjh-p\" style=\"display: block;\">演员终将是靠作品说话的，不是去了好莱坞演了国际大片，就能成为国际巨星！国际章拿奖无数，最终不还是回到国内参加综艺，国外的月亮不比中国圆，想要得到认可，还是仔细打磨演技，认真演戏，演好戏才是硬道理！上映2天票房仅6000元，《花木兰》将刘亦菲打下神坛，不少网友觉得是因为”限籍令“的缘故让刘亦菲才有了这样的”成绩“，但疫情也占据了一部分原因，如今这部作品被大家各种吐槽，不知道7月24日在北美上映后，票房和口碑是什么样？大家对于刘亦菲的《花木兰》有什么想说的？</span></p>', 0, 0, '2020-04-15 23:13:33');
INSERT INTO `news` VALUES (19, 8, '山姆·雷米担任《奇异博士2》新导演 曾执导蜘蛛侠系列', '据国外媒体报道，由本尼迪克特·康伯巴奇主演的《奇异博士2》确认由山姆·雷米接手担任新导演。', '山姆·雷米,《奇异博士2》,蜘蛛侠,娱乐', '/resources/upload/1586963721507.jpeg', '中国青年网', '<p><img class=\"large\" src=\"/resources/upload/image/20200415/1586963698835060860.jpg\"/></p><p style=\"white-space: normal; margin-top: 26px; margin-bottom: 0px; padding: 0px; line-height: 24px; color: rgb(51, 51, 51); text-align: justify; font-family: arial; background-color: rgb(255, 255, 255);\"><span class=\"bjh-p\" style=\"display: block;\">奇异博士</span></p><p style=\"white-space: normal; margin-top: 22px; margin-bottom: 0px; padding: 0px; line-height: 24px; color: rgb(51, 51, 51); text-align: justify; font-family: arial; background-color: rgb(255, 255, 255);\"><span class=\"bjh-p\" style=\"display: block;\">据国外媒体报道，由本尼迪克特·康伯巴奇主演的《奇异博士2》确认由山姆·雷米接手担任新导演。</span></p><p style=\"white-space: normal; margin-top: 22px; margin-bottom: 0px; padding: 0px; line-height: 24px; color: rgb(51, 51, 51); text-align: justify; font-family: arial; background-color: rgb(255, 255, 255);\"><span class=\"bjh-p\" style=\"display: block;\">山姆·雷米曾制作了《鬼玩人》恐怖系列，以及导演了托比马奎尔版《蜘蛛侠》三部曲。</span></p><p style=\"white-space: normal; margin-top: 22px; margin-bottom: 0px; padding: 0px; line-height: 24px; color: rgb(51, 51, 51); text-align: justify; font-family: arial; background-color: rgb(255, 255, 255);\"><span class=\"bjh-p\" style=\"display: block;\">早在一月份，由于创意上的差异，德里克森确认不再执导《奇异博士2》，转而担任执行制片的角色。今年二月，德里克森积极回应雷米接替他担任即将上映的电影导演的想法。“我和山姆·雷米一起工作过。他写道：‘他是我在电影界认识的最好的人之一，作为一名导演，他是一个真正的传奇人物’，接替奇博士是个多么好的选择啊。”</span></p><p style=\"white-space: normal; margin-top: 22px; margin-bottom: 0px; padding: 0px; line-height: 24px; color: rgb(51, 51, 51); text-align: justify; font-family: arial; background-color: rgb(255, 255, 255);\"><span class=\"bjh-p\" style=\"display: block;\">最初，《奇异博士》的续集计划在5月开始制作，目标是2021年5月上映。但由于担心传播冠状病毒，工作室暂时关闭，日期现在改为2021年11月5日。</span></p>', 20, 3, '2020-04-15 23:15:26');

-- ----------------------------
-- Table structure for news_category
-- ----------------------------
DROP TABLE IF EXISTS `news_category`;
CREATE TABLE `news_category`  (
  `id` int(11) NOT NULL AUTO_INCREMENT,
  `name` varchar(32) CHARACTER SET utf8 COLLATE utf8_general_ci NOT NULL,
  `sort` int(3) NOT NULL DEFAULT 0,
  PRIMARY KEY (`id`) USING BTREE
) ENGINE = InnoDB AUTO_INCREMENT = 9 CHARACTER SET = utf8 COLLATE = utf8_general_ci ROW_FORMAT = Compact;

-- ----------------------------
-- Records of news_category
-- ----------------------------
INSERT INTO `news_category` VALUES (1, '国内', 0);
INSERT INTO `news_category` VALUES (4, '国际', 1);
INSERT INTO `news_category` VALUES (5, '军事', 2);
INSERT INTO `news_category` VALUES (6, '财经', 3);
INSERT INTO `news_category` VALUES (7, '体育', 4);
INSERT INTO `news_category` VALUES (8, '娱乐', 5);

-- ----------------------------
-- Table structure for role
-- ----------------------------
DROP TABLE IF EXISTS `role`;
CREATE TABLE `role`  (
  `id` int(11) NOT NULL AUTO_INCREMENT,
  `name` varchar(32) CHARACTER SET utf8 COLLATE utf8_general_ci NOT NULL,
  `remark` varchar(128) CHARACTER SET utf8 COLLATE utf8_general_ci NULL DEFAULT NULL,
  PRIMARY KEY (`id`) USING BTREE
) ENGINE = InnoDB AUTO_INCREMENT = 7 CHARACTER SET = utf8 COLLATE = utf8_general_ci ROW_FORMAT = Compact;

-- ----------------------------
-- Records of role
-- ----------------------------
INSERT INTO `role` VALUES (1, '超级管理员', '超级管理员拥有一切权限！');
INSERT INTO `role` VALUES (6, '普通用户', '普通用户，请自由授权！');

-- ----------------------------
-- Table structure for user
-- ----------------------------
DROP TABLE IF EXISTS `user`;
CREATE TABLE `user`  (
  `id` int(11) NOT NULL AUTO_INCREMENT,
  `username` varchar(32) CHARACTER SET utf8 COLLATE utf8_general_ci NOT NULL,
  `password` varchar(32) CHARACTER SET utf8 COLLATE utf8_general_ci NOT NULL,
  `roleId` int(11) NOT NULL,
  `photo` varchar(120) CHARACTER SET utf8 COLLATE utf8_general_ci NULL DEFAULT '0',
  `sex` int(1) NOT NULL,
  `age` int(3) NOT NULL DEFAULT 0,
  `address` varchar(128) CHARACTER SET utf8 COLLATE utf8_general_ci NULL DEFAULT NULL,
  PRIMARY KEY (`id`) USING BTREE,
  INDEX `roleId`(`roleId`) USING BTREE,
  CONSTRAINT `user_ibfk_1` FOREIGN KEY (`roleId`) REFERENCES `role` (`id`) ON DELETE RESTRICT ON UPDATE RESTRICT
) ENGINE = InnoDB AUTO_INCREMENT = 10 CHARACTER SET = utf8 COLLATE = utf8_general_ci ROW_FORMAT = Compact;

-- ----------------------------
-- Records of user
-- ----------------------------
INSERT INTO `user` VALUES (1, 'admin', 'admin', 1, '/resources/upload/1585499817292.jpg', 1, 1, '河南省郑州市');
INSERT INTO `user` VALUES (2, 'haohu', 'haohu123', 1, '/resources/upload/1585499825218.jpg', 1, 1, '河南省郑州市');
INSERT INTO `user` VALUES (9, '张三', '111111', 6, '/resources/upload/1585499834453.jpg', 2, 1, '北京市');

SET FOREIGN_KEY_CHECKS = 1;
